dp_PGCT,dp_WESP,dp_droplet,dp_quench,dp_GC,power_input,roaster1inOperation,roaster2inOperation,date_time
15.107863540119595,23.92309473355612,3.633775023619334,14.263383118856048,57.34269770703193,16.432354273282765,0.9944444444444444,1.0,2021-01-14 12:00:00
15.27314018143548,23.980040253533257,3.609199763668908,14.479471793857616,57.768720486846966,16.25210938210843,1.0,1.0,2021-01-15 00:00:00
14.481785402033063,23.208317274517483,3.308738222387102,13.850838868330335,55.25766696848182,17.74010578636105,1.0,1.0,2021-01-16 00:00:00
14.554796287748548,23.51556581656138,3.349547113312615,13.936112467436438,55.73033134273864,15.140345943753964,1.0,0.95,2021-01-16 12:00:00
14.589596581459045,23.12866072124905,3.2808204385969373,13.872416843452084,55.28167501437468,16.06050225020959,1.0,1.0,2021-01-17 12:00:00
14.75489670170678,22.90471817917294,3.3467723727226257,14.106345523573328,55.44761326694889,14.658389332157698,1.0,1.0,2021-01-18 00:00:00
14.666306893030802,22.55676619741652,3.2283608158429464,14.080662246022904,54.842084125155495,15.388291137489167,1.0,0.9722222222222222,2021-01-19 00:00:00
13.939252571264904,25.99583241409725,2.9886750751071505,13.484919786062608,56.73668545445479,16.164640236629932,0.9847222222222224,0.9833333333333332,2021-01-19 12:00:00
14.377429013782075,30.350275450282627,3.1223173167970444,13.941550790514055,62.124432308719065,16.673369534730696,1.0,1.0,2021-01-20 00:00:00
14.371377205848692,30.18719924820794,3.059580796294742,13.620068624843972,61.57617812345076,16.537489178700618,0.9722222222222222,1.0,2021-01-20 12:00:00
13.525760668961125,28.011997065082607,2.851744230629669,13.068252984827591,57.73709161819683,16.068079423291802,0.9611111111111112,0.9625,2021-01-21 00:00:00
14.385856476094988,30.008838147587248,2.997696068551805,13.945045972178276,61.609542432404126,16.774638936277007,0.9736111111111112,1.0,2021-01-22 00:00:00
14.2077151550187,30.357979578442045,2.973635240395864,13.683478251500976,61.58326429466809,16.08374490802197,1.0,1.0,2021-01-22 12:00:00
15.014438822534348,30.729506685998704,3.0779175731870865,14.264418693231548,63.38974062056708,14.306454925768092,0.9888888888888888,1.0,2021-01-23 00:00:00
14.772772563828362,30.65966543356577,2.9811926749017506,13.778524483724,62.56601884115096,15.393038828891846,1.0,1.0,2021-01-23 12:00:00
14.601756017737918,30.553854722446864,3.043849219216241,13.979679667343104,62.52415894739105,14.375356301181345,1.0,1.0,2021-01-24 00:00:00
14.50851680437724,30.78504911528693,3.0729126400417752,13.78242737545289,62.54718362583436,16.374979316916797,0.9819444444444444,1.0,2021-01-24 12:00:00
14.87609537045161,31.331065458721586,3.155240601963467,13.994838233793985,63.71714460188006,15.972056352266204,1.0,1.0,2021-01-26 00:00:00
14.310564262337154,31.97157077259488,3.1241961068577235,14.038016260715407,63.88498615130989,16.24282735806508,1.0,1.0,2021-01-27 00:00:00
13.651444019211665,30.41020533243815,2.870724993281894,13.388130693074263,60.78312540759927,17.714328274376633,1.0,1.0,2021-01-27 12:00:00
14.382609711752998,31.194795330365498,3.0561155809296503,13.836725432995689,62.89516364136378,16.558190538394975,1.0,1.0,2021-01-28 00:00:00
14.370390117168428,31.42034659120772,3.129666154914432,13.811853190976642,63.13108422562638,16.37759507771064,1.0,1.0,2021-01-28 12:00:00
14.443487536907195,31.27105374071333,3.0870722320344712,13.95237913032397,63.17060863607484,17.845782927635614,1.0,1.0,2021-01-29 00:00:00
14.86806454923418,31.34254186153412,3.188917707072364,14.04980001983414,63.79912697080808,15.792864552355804,1.0,1.0,2021-01-30 00:00:00
14.821247013409932,31.350627613067623,3.1467948330773248,14.143910063795436,63.84831326553443,17.391769972850586,1.0,1.0,2021-01-30 12:00:00
14.948966109752655,31.263492968347336,3.128554974661933,14.101931270783664,63.8562920790502,17.645396072519137,0.9805555555555556,1.0,2021-01-31 00:00:00
14.96681298547321,31.45312685966492,3.159721733464135,13.974513515961975,64.00340962125144,18.539413489769,1.0,1.0,2021-01-31 12:00:00
15.193665668699476,31.00422719584571,3.119979320632087,13.965612444257973,63.695968728240565,17.679695844899847,0.9722222222222222,1.0,2021-02-01 00:00:00
15.243577904171412,31.858212616708546,3.1691859351264107,13.919478453011834,64.628728177294,18.534204314750674,1.0,1.0,2021-02-01 12:00:00
15.008297779824998,30.817877454227872,3.1164869931009083,13.930483552970124,63.26030942846434,17.490296509661306,1.0,1.0,2021-02-02 00:00:00
14.912819719314577,31.85712608496348,3.1695669611295063,13.984474490789903,64.37346142137216,18.42572031601508,1.0,1.0,2021-02-02 12:00:00
14.852777004241943,31.447235417366027,3.205030552546184,13.98008274358128,63.9258303839791,18.2066679696728,0.9847222222222224,1.0,2021-02-03 00:00:00
14.735791177219816,31.558090835147432,3.2414363397492303,13.972903114136232,63.99242754404032,17.494267773195872,0.9861111111111112,1.0,2021-02-03 12:00:00
14.997448415226406,31.925272891256544,3.3213586476114063,14.03825624881364,64.76236174998857,17.86177704887986,1.0,0.9847222222222224,2021-02-04 12:00:00
15.44763518306944,31.602710535791186,3.373472925027212,14.207011741053106,65.07218803993634,17.633390849941136,0.9930555555555556,1.0,2021-02-05 00:00:00
15.49220487276713,31.16671113702986,3.378458803229862,14.111103218876654,64.56247688076563,16.93159618396999,0.9902777777777778,1.0,2021-02-06 00:00:00
15.555417459540896,32.12594582504696,3.369268568356832,13.934071520798735,65.46517278469271,17.418749684129235,1.0,1.0,2021-02-06 12:00:00
16.478161878055996,30.788425940937465,3.396075492435032,13.889334022059726,64.97167795405258,17.704520924713748,1.0,0.9833333333333332,2021-02-07 00:00:00
16.31656206448873,30.585695033603244,3.5507532795270285,14.06700653947062,65.00940061857303,18.1858567318264,1.0,1.0,2021-02-07 12:00:00
15.500629965464274,29.83072288566165,3.5569316188494366,14.284056910087305,63.671129939499465,17.525508287475766,1.0,0.9805555555555556,2021-02-08 00:00:00
15.488982399304708,32.97136722935571,2.6757619433932835,14.5214885779553,66.13087896655003,18.19721659134439,1.0,1.0,2021-02-13 12:00:00
15.208032087484996,32.76938060124715,2.6688705245653788,14.46850983331808,65.56509372555755,17.839438098873327,0.9861111111111112,0.9652777777777778,2021-02-14 00:00:00
15.185087788105012,33.52903894583384,2.6549787905481126,14.467524862392908,66.33526396761752,18.76574298901822,0.9888888888888888,1.0,2021-02-14 12:00:00
14.799014345804853,32.55404700703091,2.6699714607662624,14.47427351117755,64.7727175849076,17.010667323984485,1.0,0.9986111111111112,2021-02-16 00:00:00
15.350632513893975,32.48426735136244,2.6462424410714043,14.477650224086313,65.3568610895839,17.517250476983058,1.0,1.0,2021-02-16 12:00:00
15.09611203538047,32.156298168500264,2.6848887575997247,14.413291942369607,64.67479528780612,18.16819550942082,1.0,0.9847222222222224,2021-02-17 00:00:00
15.24469092686971,32.423643718825446,2.762003760867649,14.543332583705585,65.3379869464371,17.933965506367624,1.0,0.9833333333333332,2021-02-17 12:00:00
15.223584453264872,32.270535010761684,2.834437877602048,14.660709204943853,65.32842150529743,17.67056590654608,0.9652777777777778,1.0,2021-02-18 00:00:00
15.131347935729556,32.43931580384572,2.831594271130032,14.493588948415386,65.23969809893104,18.3302486394999,1.0,0.9986111111111112,2021-02-18 12:00:00
15.267809910244411,32.475185704231265,2.8274398300382826,14.61050236887402,65.54776830408308,17.78237321161905,1.0,1.0,2021-02-19 00:00:00
15.076347720623016,32.35828417142232,2.7894790689150493,14.302972389157448,64.89191565072785,18.23064163404115,1.0,0.9875,2021-02-19 12:00:00
14.918547501828936,32.13465064366658,2.81165099143982,14.389651272984016,64.60166470702323,17.493418346591017,1.0,1.0,2021-02-20 00:00:00
15.283819360203212,32.66394675572713,2.8564710471365187,14.243769184582764,65.4158191083206,17.780483639313054,1.0,1.0,2021-02-20 12:00:00
15.37284217013253,32.10536403920916,2.8934798505571155,14.381982258831462,65.07052667525907,17.343322067242607,0.9791666666666666,1.0,2021-02-21 00:00:00
15.361577008830176,33.06789791054196,2.9221842885017395,14.226348393493229,65.94842712746726,17.677239669936963,1.0,0.9791666666666666,2021-02-21 12:00:00
15.460401366816626,32.37402783499824,2.930427544646793,14.407416887705525,65.50382316737539,17.494322159201467,1.0,1.0,2021-02-22 00:00:00
14.567952545483909,33.52300091319614,2.9522203816307915,14.161233206300272,65.6275769111597,17.67773869817958,1.0,1.0,2021-02-22 12:00:00
15.294535296493107,32.83184623188443,2.99966028796302,14.29730714990033,65.83525063097477,17.577161430590603,1.0,1.0,2021-02-23 00:00:00
15.172277279694876,33.33266686068641,2.9868861820962693,14.12973862555292,66.03804493016666,17.853765018360296,1.0,1.0,2021-02-23 12:00:00
15.09004499912262,32.58163182205624,3.042869973182678,14.25340036186907,65.37966474592686,18.84260782062498,1.0,1.0,2021-02-24 00:00:00
15.178842845227985,33.3990566862954,3.0699050426483154,14.222068084445263,66.26764536152284,18.95096836199744,1.0,0.9930555555555556,2021-02-24 12:00:00
14.899375438690186,32.23908680544959,3.087493860721588,14.35616266756422,64.95786135755479,18.17721172570741,1.0,0.9972222222222222,2021-02-25 00:00:00
15.001106242338816,33.162554897202384,3.121701146496666,14.286213582754137,65.98242456581858,19.15709789718959,1.0,0.9888888888888888,2021-02-25 12:00:00
15.164008780320485,32.17649190690782,3.163045254018572,14.403964672744689,65.27011212599982,18.54246538810636,1.0,0.9847222222222224,2021-02-26 00:00:00
15.17055577304628,33.14353056218889,3.2208522134357027,14.331496505935986,66.28575678500864,19.01310347442401,1.0,0.9986111111111112,2021-02-26 12:00:00
14.767912628915576,32.03712556362152,3.276912291844686,14.445913514660464,64.88918944448233,17.84758031685116,1.0,0.9902777777777778,2021-02-27 00:00:00
14.950012718306647,33.027883378664654,3.2958158254623413,14.375437038143476,66.0892212546534,18.86783484506596,1.0,0.9986111111111112,2021-02-27 12:00:00
15.110925137996674,32.484000923898485,3.3415595981809827,14.47979111219239,65.81431248265629,18.579417996384493,0.9888888888888888,1.0,2021-02-28 00:00:00
15.137770048777265,32.82481112215254,3.4192411912812126,14.592275886734326,66.34966725872623,18.597024352095715,1.0,1.0,2021-02-28 12:00:00
15.591837135950724,32.22022183471256,3.434416953722636,14.8304681521323,66.42544431967868,17.129522450575923,1.0,1.0,2021-03-01 00:00:00
15.390404840310415,33.1935554239485,3.38988278971778,14.787471427520115,67.19460149010023,17.65499534546097,1.0,1.0,2021-03-01 12:00:00
15.53066346247991,32.510579119788275,3.334818951288859,14.812965429840713,66.5912984672701,16.563397440004902,1.0,0.9888888888888888,2021-03-02 00:00:00
15.169736059506734,32.7535406615999,3.3004403524928625,14.756820386149531,66.44988866795902,17.45272789933113,0.9666666666666668,0.9708333333333332,2021-03-02 12:00:00
15.550760949982536,32.34714325269064,3.353896551662021,14.91280051138666,66.58132755822605,16.938134159897107,1.0,0.9972222222222222,2021-03-03 00:00:00
15.624162108368344,32.93253022299872,3.428211671776242,15.102492569552528,67.48632190889782,16.564737271907806,0.9972222222222222,1.0,2021-03-03 12:00:00
15.704845939742194,33.17422476079729,3.5077765968110826,15.165111869821946,67.9850291122165,15.538204671688348,0.9888888888888888,0.9958333333333332,2021-03-04 00:00:00
15.19642890824212,32.99314828713735,3.327320631345113,14.74844975107246,66.73020707401965,16.704756193242357,1.0,0.9944444444444444,2021-03-04 12:00:00
15.097960384686788,31.657651284005908,3.341577321953244,14.704584703031124,65.24627377574603,16.412071358567538,0.9722222222222222,1.0,2021-03-05 00:00:00
15.24770463572608,32.506022426817154,3.407112056679196,14.710093525383208,66.36346124476857,16.22512179625022,1.0,1.0,2021-03-05 12:00:00
15.415084715684255,31.583343278037177,3.295261832078298,14.772191852796825,65.54005381776435,15.32445192994794,1.0,0.9791666666666666,2021-03-07 00:00:00
15.757712337705824,32.552063986990184,3.46394659280777,15.176176937090029,67.4117135024733,15.521528438526426,1.0,1.0,2021-03-07 12:00:00
15.320950289567312,31.832632025082905,3.46228363249037,14.826759069394836,65.92401292313977,16.041161120248287,0.9791666666666666,0.9847222222222224,2021-03-08 12:00:00
15.571288492944506,31.76019653744168,3.4910815755526223,15.063796311616898,66.2573275162114,13.837435846674143,1.0,1.0,2021-03-11 00:00:00
15.06612670024236,31.83857701884376,3.5826185557577346,14.57064543457495,65.55834189678232,14.35130810946823,1.0,0.9777777777777776,2021-03-12 12:00:00
15.2503962331348,31.341176080703736,3.8139835079511006,14.845489483575026,65.71394915067488,14.558767588560183,1.0,0.9791666666666666,2021-03-14 00:00:00
14.408370717366536,31.65404775407579,3.559990825917985,14.432057529656838,64.54742923905658,14.895382103180324,1.0,1.0,2021-03-16 00:00:00
14.523688883251614,31.4230856206682,3.412576909859975,14.12803883544301,63.98724452116451,14.827744987041733,0.9708333333333332,0.9888888888888888,2021-03-16 12:00:00
14.81653180387285,31.4564315504498,3.4773148364490933,14.49782933352722,64.77266774136159,15.029508306764612,1.0,1.0,2021-03-17 00:00:00
14.962898222605387,31.73048320876228,3.5618377712037828,14.567200599445236,65.32887737452984,15.328669327629951,1.0,1.0,2021-03-17 12:00:00
14.760935961206751,31.580435940292148,3.563097296158473,14.47935987074549,64.89366593734465,15.561090838953994,0.9944444444444444,0.9847222222222224,2021-03-18 00:00:00
15.185407784250048,31.99242612255944,3.686213959587945,15.039702224400308,66.42154511047734,15.003498889383518,1.0,1.0,2021-03-19 00:00:00
15.082250992457071,32.52055371337467,3.78745198779636,14.957543805200192,66.86392435924047,15.761894239187866,0.9611111111111112,1.0,2021-03-19 12:00:00
15.235268482897016,32.25546363194783,3.8606249226464167,14.957835238364837,66.80652962908563,15.144146266700613,1.0,0.9916666666666668,2021-03-20 00:00:00
14.854548519187505,31.27969846990373,3.8256461567348894,14.684654150184038,65.15284019222794,15.297115723938512,0.9916666666666668,0.9930555555555556,2021-03-21 00:00:00
14.50468524561988,31.83329731358422,3.785084907213847,14.358483915971334,65.03865009689989,16.976663198560658,1.0,0.9638888888888888,2021-03-21 12:00:00
14.79093542098999,31.57639193799761,3.855576805273692,14.365685032042933,65.09555697662937,17.937326145220432,1.0,0.9944444444444444,2021-03-22 00:00:00
14.117913722991943,31.544801908069186,3.9293499191602073,14.51426316071512,64.34920542209309,17.379484555335655,1.0,0.9916666666666668,2021-03-22 12:00:00
13.889438936445448,31.00170071654849,3.768918799029456,13.991022161542626,63.16896798600679,16.98616411054265,0.9916666666666668,1.0,2021-03-23 00:00:00
15.626708636018964,32.21607767475976,4.087488020790948,14.48279528948996,66.85352622999085,16.996658026557835,1.0,1.0,2021-03-24 00:00:00
15.864286487632327,32.7001561721166,4.201267419921027,14.56848156592912,67.78983194968767,16.23293622394507,1.0,0.9847222222222224,2021-03-24 12:00:00
15.978473280535804,31.882692850960627,4.222525774108039,14.962089215053451,67.03734158774218,15.526957081366929,1.0,1.0,2021-03-25 00:00:00
15.065944788191054,31.39617354075114,4.13955446879069,14.195463608037162,65.14097743530809,16.92934663541519,1.0,0.9833333333333332,2021-03-25 12:00:00
15.443500524097018,33.04296747048696,4.134005332655377,14.010371101150913,67.09927908471889,18.23109693989071,1.0,0.9861111111111112,2021-03-27 12:00:00
15.524685940477584,31.89178076585134,4.081300644079844,14.25528805874702,66.15687740070538,18.017924091353127,1.0,0.9861111111111112,2021-03-28 00:00:00
15.285596266057755,33.15520051055484,4.104000099500021,14.101311506201617,67.1410651293428,19.528697995923583,0.9888888888888888,1.0,2021-03-28 12:00:00
14.586917422877418,30.65359754032559,3.958605725235409,13.788333714450264,63.409958773631054,21.552312559985765,1.0,0.9930555555555556,2021-03-29 00:00:00
14.2923768374655,31.92757190863292,3.976223068767124,13.852721962800327,64.55064260973272,20.77341232464925,1.0,0.9819444444444444,2021-03-29 12:00:00
15.286315064960055,31.615064062012568,4.03099718425009,14.19514270660778,65.588195175305,19.56697616386162,0.9888888888888888,0.9736111111111112,2021-03-30 00:00:00
15.011913957860736,33.42250877221425,4.026550365818872,14.198946289376666,67.21090475733702,19.601820021917128,1.0,0.9847222222222224,2021-03-30 12:00:00
15.346999649206795,31.867525029182435,3.900829447640313,14.104991268946064,65.71494164450301,18.90641465740381,1.0,1.0,2021-04-01 00:00:00
15.708000515566932,32.693183708190915,3.907140956984626,14.209548761612838,67.04145380606253,18.117503625724986,1.0,1.0,2021-04-01 12:00:00
16.209661508931053,32.69104430145688,4.013042559888628,14.6426533639431,68.06429742773373,18.517590349374903,1.0,1.0,2021-04-02 00:00:00
15.6740782406595,33.11401651435428,3.9457555532455446,14.38557505177127,67.66219608353244,19.317222055112275,1.0,1.0,2021-04-02 12:00:00
15.860050898128083,32.53039770921071,4.062288064426846,14.62704107819332,67.58052690749368,19.65058846864651,0.9875,1.0,2021-04-04 00:00:00
16.95552716255188,33.4259526597129,4.098847208420436,14.645598156584631,69.66166600849894,19.46442271339448,0.9944444444444444,1.0,2021-04-04 12:00:00
17.769810518953534,33.003015886412726,4.17142687175009,14.738427981403138,70.17945272127787,19.333355792449595,0.9875,1.0,2021-04-05 00:00:00
15.945646554893916,33.52012577586704,4.264221930503846,14.95707141045067,69.18324737168021,18.409434262142085,0.9930555555555556,1.0,2021-04-06 00:00:00
15.130558466911316,34.26224595175849,4.280054814285702,14.65044293168208,68.91763090123422,17.296472444699447,0.9611111111111112,1.0,2021-04-06 12:00:00
15.47657310962677,33.91958709292942,4.263190836376614,14.68869629999002,68.94422991110218,18.10065385670532,1.0,1.0,2021-04-07 00:00:00
15.016056112448377,34.3140113486184,4.366565197043949,14.58262826320198,68.85417005932993,20.06284043637788,0.9819444444444444,1.0,2021-04-07 12:00:00
15.121742101510366,32.7160262770123,4.200338243113624,14.47800403825111,67.07508489216367,21.13409530267029,0.9833333333333332,1.0,2021-04-08 00:00:00
15.52612639400694,33.14132974147797,4.367876334985097,14.957463665803273,68.52689597871569,20.81977933973237,1.0,1.0,2021-04-09 00:00:00
15.46494725677702,33.92894082069397,4.425636310709847,14.799535453981823,69.20970821446842,21.028483331670497,1.0,1.0,2021-04-09 12:00:00
15.35789469745424,32.32887543042501,4.353543236520555,14.716447886162332,67.26131467852328,20.9773196686318,1.0,1.0,2021-04-10 00:00:00
15.238777237468296,32.98759588400523,4.514287899600135,14.559644137612649,67.79876515347925,18.612562326836184,0.9847222222222224,1.0,2021-04-10 12:00:00
15.038103008270264,32.30288724899292,4.453153631422254,14.522405854860942,66.84180313878589,21.44090143823696,1.0,1.0,2021-04-11 00:00:00
15.2256461236212,33.410664002100624,4.658437160650889,14.660706952048672,68.48953561666939,21.339540628517494,0.9847222222222224,1.0,2021-04-11 12:00:00
15.325492849614886,32.78774976465437,4.7004727602005,14.707693157676191,68.00875415744053,20.489296269179807,0.9944444444444444,1.0,2021-04-12 00:00:00
14.97243919240104,32.651903571022885,4.614507439401415,14.512734925250212,67.24697227825722,20.811506039816127,0.9916666666666668,0.9930555555555556,2021-04-12 12:00:00
15.00320808092753,33.512684596909416,4.478551561302609,14.31409573422538,67.83582051992417,19.88162120852996,0.9875,1.0,2021-04-13 12:00:00
14.870622159375085,32.06848561498854,4.4407663742701216,14.24996735321151,66.11985126137733,19.57553775628166,1.0,1.0,2021-04-14 00:00:00
14.815226328372956,33.56975311438243,4.547575161192152,14.24404216375616,67.76808276739385,20.98592776298148,1.0,1.0,2021-04-14 12:00:00
14.757699513435364,32.342324471473695,4.523829415109423,14.238008729285664,66.37357029616832,22.79868700574849,1.0,1.0,2021-04-15 00:00:00
14.715726889504326,33.86387591626909,4.715383247534434,14.203188491861026,68.07979558606942,21.215301668572057,1.0,1.0,2021-04-15 12:00:00
14.755688018269009,32.349897805849714,4.610770858658684,14.27573595907953,66.48083201977941,22.38776620421184,1.0,1.0,2021-04-16 00:00:00
14.260243850284152,34.15036595662435,4.753718433115218,14.361338278982377,68.0607344839308,20.083538498511647,1.0,1.0,2021-04-16 12:00:00
14.676000006993611,32.51617457601759,4.647535337342156,14.268019060956108,66.6364028275013,20.50429933649841,1.0,1.0,2021-04-17 00:00:00
14.36790769232644,34.250789414511786,4.8130220399962536,14.526412944619857,68.49278620146215,20.290225373527115,1.0,0.9930555555555556,2021-04-17 12:00:00
14.754989936616685,32.826869405640494,4.726601502630445,14.361027458517087,67.19125020160443,19.11893157857308,0.9819444444444444,1.0,2021-04-18 00:00:00
14.130766342745886,33.77531208992004,4.79466421869066,14.391688091225094,67.55930341084799,22.42119773759608,0.9875,1.0,2021-04-18 12:00:00
18.69168231752184,26.634895632002088,4.011312645011478,15.218216566111533,65.03155456503154,18.133087953085223,1.0,1.0,2021-04-20 00:00:00
18.310342971483863,27.8837131023407,4.227385550075107,15.450961540477389,66.33579964207634,19.295999760622166,1.0,0.9930555555555556,2021-04-20 12:00:00
18.34916386604309,25.82396462228563,3.970481190416548,15.135120592152978,63.763846854669424,20.787817317106704,0.9944444444444444,0.9513888888888888,2021-04-21 00:00:00
18.112060157457982,27.220328712463377,4.053664710786608,15.15251914160326,65.06928926206504,21.6114102897022,1.0,1.0,2021-04-21 12:00:00
19.021515850226084,26.595432668262056,4.129869989554087,15.5568733614352,65.77797057777643,22.76729823038213,1.0,1.0,2021-04-22 00:00:00
18.49203570153978,27.720873000886705,4.167543677488963,15.365674448758364,66.25727108261651,23.209589499696687,1.0,1.0,2021-04-22 12:00:00
18.446487945980497,25.61599605348375,4.014450045426687,15.156491105255464,63.663481412162696,24.140761318261244,1.0,1.0,2021-04-23 00:00:00
17.89426865842607,27.62207089530097,4.197883281442854,15.237313839020985,65.4355208968679,26.556601572278392,1.0,1.0,2021-04-23 12:00:00
18.260977244377138,25.89889801873101,4.043371911843618,14.923303059595089,63.60657655383871,25.33578293675915,1.0,1.0,2021-04-24 00:00:00
17.7837077776591,27.05218313005236,4.241267681121826,14.957058393698713,64.54959769885585,25.36467645752708,1.0,1.0,2021-04-24 12:00:00
17.754378986358642,27.05727751519945,4.2373264789581295,15.007161187122014,64.55611243412535,27.522794610828463,1.0,0.9791666666666666,2021-04-25 00:00:00
18.344992462793986,27.937109745873347,4.441216760211521,15.22190620176908,66.41039138177617,26.021374401585003,0.9847222222222224,1.0,2021-04-25 12:00:00
18.45923539267645,26.126077885097928,4.286378161112467,15.038809205259003,64.37895968208556,26.823564029053603,1.0,1.0,2021-04-26 00:00:00
17.66532816092173,26.72699537807041,4.304834377765656,14.58973527661308,63.82332750868146,29.10920756497972,1.0,1.0,2021-04-26 12:00:00
18.07734453943041,25.51251039505005,4.248926150798797,14.668915321626509,62.990949762726736,29.58288229283036,1.0,1.0,2021-04-27 00:00:00
17.720462046729192,27.198300080829195,4.514797931247287,14.898036896106593,64.78835471893383,27.839318900529385,1.0,1.0,2021-04-27 12:00:00
18.33035813967387,25.86423456403944,4.346953279442257,14.741456225855089,63.73234207035065,29.36278370303929,1.0,1.0,2021-04-28 00:00:00
17.916920534769694,27.13505159484016,4.53242904610104,14.709794259257617,64.75714645536823,26.34519092813176,1.0,1.0,2021-04-28 12:00:00
18.50784986813863,25.8463193098704,4.43828805287679,14.672713330638686,63.9148652453412,29.42993312561248,1.0,1.0,2021-04-29 00:00:00
17.461411987410653,25.68746185832553,4.3956529113981455,14.496389914542346,62.62168839605972,26.411945379194545,1.0,1.0,2021-04-30 00:00:00
16.355733036994934,26.98950348430209,4.383772664599949,14.483764674426574,62.79928906840893,24.153419529619864,1.0,1.0,2021-04-30 12:00:00
16.38892622788747,25.87441669040256,4.130046810044183,14.513989039262135,61.46440643999312,24.928572250050475,1.0,0.9916666666666668,2021-05-01 00:00:00
16.20593167675866,27.13011825879415,4.165385495291816,14.62710022760762,62.63139415946272,24.23151664192648,1.0,0.9805555555555556,2021-05-01 12:00:00
16.58057900799645,25.684108803007337,3.864537201987373,14.660726632012262,61.26197702089946,24.1894601656322,1.0,1.0,2021-05-02 00:00:00
15.863081815507677,25.23501804139879,3.629119679662917,14.361284105976422,59.55501912799146,21.49533323004521,1.0,1.0,2021-05-03 00:00:00
20.69740534491009,26.566531038284303,3.7320769521925183,15.453774482011797,66.84759225646654,22.104291895653947,1.0,1.0,2021-05-05 00:00:00
19.998720285627577,27.68835015826755,3.9317373500929937,15.587739537459695,67.68369981544092,21.13527686586199,0.9986111111111112,0.9583333333333334,2021-05-05 12:00:00
20.51399913628896,26.968658796946208,3.7690244634946186,15.671165706713994,67.41859039266905,22.53749866996868,1.0,1.0,2021-05-06 00:00:00
19.903418979379865,27.90174658563402,3.851881228552924,15.509443797440165,67.65419511706051,21.68032348615405,0.9847222222222224,1.0,2021-05-06 12:00:00
20.047989013459947,26.462621805402968,3.720312578148312,15.499769677635696,66.12169223287039,23.516337567432483,1.0,0.9680555555555556,2021-05-07 00:00:00
19.53460613621606,26.11751717991299,3.400825893878937,14.908251860013438,64.37125821868993,20.490494954311032,0.9555555555555556,1.0,2021-05-08 00:00:00
19.20353031953176,27.436867390738595,3.6324758993254767,15.031361282376908,65.74172572742746,19.614451990459155,1.0,1.0,2021-05-08 12:00:00
19.614028267065684,25.90498776965671,3.3620621230867176,14.69805861962757,64.10991413712092,19.3308778366495,1.0,1.0,2021-05-09 00:00:00
19.496566508875954,25.860886266496447,3.369510114192962,14.58494413414802,63.81481828013267,21.8200849813239,0.9791666666666666,0.9722222222222222,2021-05-10 00:00:00
18.811514802701947,26.591820978156715,3.5080352194286024,14.329033365683314,63.71903438281212,22.109601253559617,0.9986111111111112,0.9583333333333334,2021-05-10 12:00:00
19.56863669554393,25.396052434709336,3.4134512000613744,14.716386754077636,63.47090058866007,22.8252680469803,1.0,1.0,2021-05-11 00:00:00
18.57417714065976,26.817020342085097,3.560962908797794,14.572423763841089,63.92632434345255,22.86163410663828,1.0,0.9902777777777778,2021-05-11 12:00:00
18.63093283971151,26.80232333607144,3.6922373480267,14.673998389264549,64.13105111945399,24.891625053649893,1.0,1.0,2021-05-12 12:00:00
19.40219937960307,25.309084192911783,3.4771002968152365,14.455056500985584,63.037459701188105,25.8009025388222,0.9888888888888888,1.0,2021-05-13 00:00:00
18.72943348619673,26.9566511048211,3.745268074671428,14.65196857370255,64.39885528402843,22.691155067986287,1.0,1.0,2021-05-13 12:00:00
19.73639572196537,25.515006849500868,3.6224049117830064,14.641610536660624,63.872186657143175,24.33908503807012,1.0,0.9861111111111112,2021-05-14 00:00:00
18.641668123669096,26.74826260142856,3.739852184719509,14.424158337319064,63.87213977436639,22.41178447438187,1.0,0.9694444444444444,2021-05-14 12:00:00
19.312760496139525,24.81405189832052,3.506291058328417,14.339853353963958,62.36022104521592,25.332581510849504,1.0,1.0,2021-05-15 00:00:00
18.53999348481496,26.267556211683484,3.6599435885747273,14.328064203510682,63.18122477556268,24.223635914405904,1.0,1.0,2021-05-15 12:00:00
19.5008233944575,25.05649248758952,3.5539452089203727,14.416451969659343,62.957764437711255,24.042612795647013,0.9777777777777776,1.0,2021-05-16 00:00:00
19.1296425845888,25.81874401304457,3.6703122867478255,14.26050006264769,63.36260302710192,21.924611439881684,1.0,1.0,2021-05-16 12:00:00
20.23155754407247,25.964770539601645,3.540999631086985,15.223010157752368,65.30888642788761,21.801946363167943,1.0,1.0,2021-05-18 00:00:00
20.44259039825864,26.09777306980557,3.6111703462070888,15.231816585504244,65.72482734220878,21.19800303726806,0.9763888888888888,0.975,2021-05-19 00:00:00
20.01278734472063,28.266021050347224,3.939419378174676,15.638376921456722,68.14561495453947,16.871575578119536,1.0,0.9819444444444444,2021-05-19 12:00:00
20.52258918152916,26.433385377460056,3.690925121307373,15.37890119900306,66.35183225025733,20.317740545029128,1.0,1.0,2021-05-20 00:00:00
19.48710482650333,28.358983776304456,3.937418848938412,15.598543952995293,67.58457873042465,19.005184853887773,0.9819444444444444,1.0,2021-05-20 12:00:00
20.469775675402747,27.12447230021159,3.934627041551802,15.486322234902117,67.36405918349823,21.11274704488688,1.0,1.0,2021-05-21 00:00:00
20.107018585999807,27.22978729142083,3.8810863071017794,15.345992719464832,66.96109881202379,19.917623042863603,1.0,1.0,2021-05-21 12:00:00
20.79466727044847,25.2845490137736,3.709019018544091,15.01033206519464,65.33108233349502,20.3771110129234,0.9847222222222224,1.0,2021-05-22 00:00:00
20.289609724945493,26.87674656444125,3.8368053873380026,15.107279253709647,66.58479227030443,19.779002388423628,0.975,1.0,2021-05-22 12:00:00
20.883218100335863,25.955414459440444,3.779701538880666,15.217119220230314,66.27498302790853,20.87259718932045,1.0,1.0,2021-05-23 00:00:00
20.16576249467002,26.82400512165493,3.8845905039045534,15.000514796872933,66.39461327211724,20.051279697951383,1.0,1.0,2021-05-23 12:00:00
20.278548272450767,26.15717856619093,3.782429532210032,15.079229314128558,65.72073905898465,21.894492362828927,1.0,1.0,2021-05-24 00:00:00
19.58692630926768,27.440109909905328,3.9648006942537095,15.119303716801936,66.47928742327623,19.48332063385491,1.0,1.0,2021-05-24 12:00:00
20.16544543637169,25.21258657773336,3.362996877564324,14.229414675175374,63.312970920608336,19.674252007119875,1.0,1.0,2021-05-27 00:00:00
19.45032977792952,26.114120165507,3.6709898948669433,14.786629352079762,64.36426436481237,18.67983515444772,1.0,0.9833333333333332,2021-05-28 00:00:00
19.72895530064901,27.05953443315294,3.858330660396152,14.810499641382032,65.84195977424582,18.776552712033595,1.0,1.0,2021-05-28 12:00:00
20.307543558544584,25.97296675576104,3.6980212648709614,14.943070465181435,65.31437425532688,19.027113302283816,0.9805555555555556,1.0,2021-05-29 00:00:00
19.081457500987582,27.102297035853063,3.844895352257623,14.671702662123913,65.07946960960528,21.02544166181616,1.0,0.9569444444444444,2021-05-29 12:00:00
19.72561899820964,25.52593381139967,3.694959542486403,14.672926085318249,63.96472401068455,22.060327615547344,0.9861111111111112,1.0,2021-05-30 00:00:00
18.621176301108463,26.98560684521993,3.893187631501092,14.682378620252226,64.5084008505065,23.33955582783661,1.0,1.0,2021-05-30 12:00:00
19.431704166200426,25.812363815307616,3.775607832272848,14.627349443570388,64.01718382901842,24.34023782168589,1.0,1.0,2021-05-31 00:00:00
19.232463426060143,26.66403966479832,3.975839331414965,14.581880846574334,64.84857014711145,24.22843382418364,1.0,0.9777777777777776,2021-05-31 12:00:00
19.75177731513977,25.146429369184705,3.6678087724579695,14.553278552475806,63.5114236225518,23.447716063897914,0.9805555555555556,1.0,2021-06-01 00:00:00
18.91033132341173,26.062620433171592,3.8408630159166126,14.34852632261916,63.61717634443711,24.819100976197912,1.0,1.0,2021-06-01 12:00:00
19.69186402691735,25.21177234119839,3.717238676548004,14.442661194492798,63.50467991877538,22.7774679981549,1.0,1.0,2021-06-02 00:00:00
19.0399906343884,26.14519951078627,3.958305570814344,14.320253822836012,63.89982142213258,22.577364838611103,0.9986111111111112,1.0,2021-06-02 12:00:00
19.18691569699181,24.19890503353543,3.649372123347389,14.03982094667024,61.46224758500854,23.7656722546054,1.0,1.0,2021-06-03 00:00:00
18.72229626443651,25.88254058625963,3.938176789548662,14.11811515281184,63.05996284275833,23.80811181375533,1.0,1.0,2021-06-03 12:00:00
19.278350761201647,24.44713679419624,3.763920590612624,14.097614645295671,61.9848295337624,23.449613477156365,1.0,1.0,2021-06-04 00:00:00
18.074721270137363,25.0633067395952,3.7986419611506994,13.625271113848108,60.94891765396007,24.308799851374904,1.0,1.0,2021-06-04 12:00:00
20.52013632853826,26.437553628285727,4.06168127324846,14.92304203278618,66.35217707720197,20.88869011294889,0.9833333333333332,1.0,2021-06-06 00:00:00
19.255871370103623,27.56810476515028,4.129069472683801,14.809026415811644,66.12834694749779,21.69366526674172,1.0,1.0,2021-06-06 12:00:00
20.203164622518752,25.654044119517007,3.942801825205485,14.894164702181136,65.03180733477153,21.804358970696534,1.0,1.0,2021-06-07 00:00:00
19.21341608100468,27.085269435246783,4.163027056058248,14.682944556878,65.43962036451299,22.110899461723264,1.0,1.0,2021-06-07 12:00:00
20.06483687294854,25.597891733381484,4.04924273358451,14.695593411042744,64.72626832026354,21.582226608100093,1.0,1.0,2021-06-08 00:00:00
19.06309638818105,26.937253130806816,4.170875783761343,14.514375567791449,64.9750368943058,22.965190013125746,1.0,1.0,2021-06-08 12:00:00
19.953541747728984,25.71024557219611,4.014655729134877,14.632294435403956,64.66328584396396,21.98473292259712,1.0,1.0,2021-06-09 00:00:00
19.40939538213942,26.515171008639864,4.138126349449157,14.37066310490045,64.78774114295715,22.35556614556073,0.9763888888888888,1.0,2021-06-09 12:00:00
20.2455160829756,25.16501234372457,4.0184823062684805,14.606115557403085,64.42546722390657,22.174922883263125,1.0,1.0,2021-06-10 00:00:00
20.8514555811882,26.29344010882908,4.243016676108042,14.97616067259676,66.69278513785038,21.846954891503074,1.0,1.0,2021-06-11 00:00:00
20.49812905523512,27.564703109529283,4.505089398225149,14.925034635969334,67.80571403540671,21.9346707606501,1.0,0.9763888888888888,2021-06-11 12:00:00
21.188997038205464,26.63916710217794,4.347952751318614,15.20600126451916,67.71023690568076,21.57755876571045,1.0,1.0,2021-06-12 00:00:00
20.420696698294744,27.93184809684753,4.552721203698052,15.203191937671768,68.37190918690628,21.52208650621336,1.0,1.0,2021-06-12 12:00:00
20.858069704638588,26.281895457373725,4.291041168901655,15.19360528588295,66.91726353632079,21.8936593513575,1.0,1.0,2021-06-13 00:00:00
20.123195380634733,28.02264654901293,4.522751565774282,15.189507913092772,68.12718499584331,21.1267258450195,1.0,1.0,2021-06-13 12:00:00
20.814133625560338,26.58711366123624,4.312080501185523,15.161501933468712,67.18894775840971,17.380407987326226,1.0,1.0,2021-06-14 00:00:00
20.21617398262024,27.792701546351115,4.480195354090797,15.046471450970664,67.78122089264733,14.581892984114264,1.0,0.9847222222222224,2021-06-14 12:00:00
20.853621039125656,25.8390543990665,4.156502911779616,14.91004070457485,66.06032418029176,18.657685956916264,1.0,1.0,2021-06-15 00:00:00
20.377596905496382,26.68477959632873,4.401044011116028,14.727832557757695,66.5095733847883,20.49098230680208,1.0,1.0,2021-06-15 12:00:00
21.006820085313585,25.37069454193115,4.23017460902532,14.73280226762096,65.77795628284414,21.274441085073605,1.0,1.0,2021-06-16 00:00:00
19.88893871837192,26.86901310814752,4.427991420692868,14.737167915039592,66.2362948672639,20.62003151319685,1.0,1.0,2021-06-16 12:00:00
20.56463136275609,25.86552996105618,4.301946026749081,14.88208635420435,65.94840654039548,21.73593508048247,1.0,1.0,2021-06-17 00:00:00
19.76217159297731,27.541857470406427,4.522511871655782,15.17685491376453,67.18052857584424,20.4949550678976,1.0,1.0,2021-06-17 12:00:00
20.53842764695485,25.00936079555088,4.172215592861176,14.90409507332127,64.92976415665164,21.9321991285903,1.0,1.0,2021-06-18 00:00:00
18.161881269348992,27.07236199378968,4.3749756879276696,14.87901008223384,64.59345794215689,21.40986122559703,1.0,0.9625,2021-06-18 12:00:00
18.43770772351159,27.017416954040527,4.356650728649563,14.838070812567498,64.84356680718835,21.60161716766109,1.0,1.0,2021-06-19 12:00:00
19.35154600408342,25.703938886854385,4.199460540877448,14.940128863819538,64.457384019065,21.79150546560373,1.0,1.0,2021-06-20 00:00:00
17.85020108487871,26.300798824098376,4.074740196598901,14.364913075207731,62.755647149058575,21.942374185688955,0.9694444444444444,0.9541666666666668,2021-06-20 12:00:00
18.440406131744385,24.433072953754,3.7995392945077686,14.166227968368265,61.121466631193954,21.77871570677868,1.0,0.9944444444444444,2021-06-21 00:00:00
19.237370551957024,25.89320222536723,3.949231776926253,14.769243180597307,64.1291226743107,20.111499929504884,0.9708333333333332,1.0,2021-06-22 00:00:00
18.723053680525886,26.907876788245307,4.054524132940505,14.622285705497616,64.5983090669156,19.733647862919803,1.0,1.0,2021-06-22 12:00:00
19.127596338589985,25.612386835945976,3.884564265939925,14.699852106566729,63.60522108104047,19.488239402688794,1.0,1.0,2021-06-23 00:00:00
18.239425139957003,26.71708477338155,3.990281024244097,14.455073491606932,63.62078929199824,19.79988517735317,0.9763888888888888,0.975,2021-06-23 12:00:00
19.18420775996314,25.446003177430896,3.8677848789427016,14.5698512754112,63.328849747571965,19.89344031145123,1.0,1.0,2021-06-24 00:00:00
18.2634302271737,27.09622496498956,4.026450247234768,14.573772759452307,64.09689210840216,19.028451600964004,1.0,1.0,2021-06-24 12:00:00
21.133811650011275,26.03630822499593,3.8302152315775553,14.81454202557086,66.07278868712795,18.4422143105312,1.0,0.975,2021-06-26 00:00:00
19.88709166447321,28.020353274875216,4.273596971564823,15.257599347816884,67.52945035098689,19.263844510048543,0.9847222222222224,1.0,2021-06-26 12:00:00
21.669204803307853,26.94842046101888,4.15588237841924,15.160518597728675,68.17052814347876,18.491105502181565,1.0,1.0,2021-06-27 00:00:00
19.876247884167565,27.73395267062717,4.005960949261984,15.093922403703134,66.83571759520305,17.365615362520078,1.0,0.9777777777777776,2021-06-28 12:00:00
20.685970897144745,26.43422574467129,3.881850859853957,15.028907924993998,66.25139278912296,15.533584569547765,1.0,0.9847222222222224,2021-06-29 00:00:00
20.102699032094744,28.581514067120025,4.11387009885576,15.472707147565153,68.2980791984333,18.248417151695552,1.0,1.0,2021-06-29 12:00:00
20.623733105924394,26.87094230651856,3.930346537960901,15.155524419022388,66.74762382203286,19.24436411098915,0.9805555555555556,1.0,2021-06-30 00:00:00
19.766717706786263,28.67056626213921,4.205277073383331,15.335116492853397,67.99503631374488,19.112592033879537,1.0,0.9736111111111112,2021-06-30 12:00:00
20.6751982887586,26.904819022284613,4.00328874985377,15.12215525392029,66.88427684522337,19.64770274555043,1.0,1.0,2021-07-01 00:00:00
19.142892926269106,28.45334762202369,4.2050233417087135,15.298895815718506,67.09640152425402,19.17916671703602,0.9597222222222224,1.0,2021-07-01 12:00:00
20.46696273883184,26.46099524497986,4.021399327119192,14.973181278569005,66.08875385959529,19.63812398839848,0.9847222222222224,1.0,2021-07-02 00:00:00
20.21471418407228,28.345152166154648,4.3425281948513454,15.304358769456543,68.25767670306894,20.31272205634227,0.9625,1.0,2021-07-02 12:00:00
20.692164390616945,26.427382373809813,3.818890991475847,14.876079207244846,66.08589073974225,18.93754059050404,0.9875,1.0,2021-07-04 00:00:00
20.65502026610904,26.288453123304578,3.9550067716174655,14.887107220674968,66.05651998988664,18.59219938273225,0.9847222222222224,1.0,2021-07-05 00:00:00
19.556372057067023,27.84871336619059,4.167939367559221,15.062502084920803,66.8347305868235,19.96189980184782,1.0,1.0,2021-07-05 12:00:00
20.1040595597691,26.54270512792799,3.9231882784101697,14.85066113122092,65.69188049549315,19.06457007681013,0.9569444444444444,1.0,2021-07-06 00:00:00
20.20267983145184,26.680576610565183,4.090160828166538,14.922632021249996,66.12980513957639,19.846504321156115,1.0,1.0,2021-07-07 00:00:00
19.49109244479073,28.671874554951987,4.31131341987186,15.180495983196629,67.72122035870949,20.101933290085785,1.0,1.0,2021-07-07 12:00:00
20.58366914855109,27.53082067171733,4.318380456500583,15.453331301609674,67.9598822467857,19.99285154468703,1.0,0.9972222222222222,2021-07-10 00:00:00
19.83301556242837,28.49860029220581,4.305492309729258,15.125892474450584,67.86840618537325,20.398495101931186,1.0,0.975,2021-07-10 12:00:00
20.40110374954012,27.24461530579461,4.338504336939918,15.310321306369993,67.43180104280408,21.217410306574056,1.0,0.9680555555555556,2021-07-11 00:00:00
20.673975716696845,28.080139769448174,4.360125642352634,15.380017883578937,68.61291600763798,19.17597866699116,1.0,1.0,2021-07-13 00:00:00
19.58255408075121,29.187715238995025,4.390212236510383,15.392796832157506,68.57939273168644,21.11770203131669,1.0,0.9916666666666668,2021-07-13 12:00:00
20.65141561296251,27.61498210695055,4.343611547682021,15.302292444970872,68.09032971594068,20.745978028635463,1.0,1.0,2021-07-14 00:00:00
20.276143689950302,27.068700154622395,4.37446806828181,15.097953525351151,66.99946662369702,20.127734220971192,1.0,1.0,2021-07-15 00:00:00
19.370126167933147,28.656872834099666,4.443301377031538,15.011858905686273,67.57646281189389,20.224659821809123,1.0,1.0,2021-07-15 12:00:00
20.28434884018368,27.03746592203776,4.23031040430069,14.8352101377315,66.54323283549812,21.558787656118813,1.0,1.0,2021-07-16 00:00:00
19.12613650427924,28.67711104287041,4.376309099462297,15.031372861067457,67.23441885577307,21.44342781019669,1.0,1.0,2021-07-16 12:00:00
19.987058072619966,26.92999424404568,4.178363899389903,14.868325190411674,66.10324247479438,21.555525800301552,1.0,1.0,2021-07-17 00:00:00
20.75061124563217,27.423734373516503,4.43675670226415,15.12506034340606,67.86827419432811,20.587377067023365,0.9888888888888888,0.9736111111111112,2021-07-18 00:00:00
20.26854417456521,29.5086613284217,4.485006667508019,15.17068327864011,69.47671391235457,17.343641516435437,1.0,1.0,2021-07-20 12:00:00
20.798276691966585,28.06145827505324,4.429447317123413,15.25241596168942,68.70314475430382,17.306121895740258,1.0,1.0,2021-07-21 00:00:00
19.72649910714891,29.07112995253669,4.047908539242215,14.738454448333425,67.63450253587733,16.671078333449945,1.0,0.975,2021-07-22 12:00:00
20.23107847240236,27.58835017946032,3.969262929757436,14.57777556560468,66.45913720377979,17.717841708325196,0.9805555555555556,0.9791666666666666,2021-07-23 00:00:00
19.56733464797338,28.80724923345777,4.045286504427592,14.561925184395578,67.12089977231291,17.435583753419447,1.0,1.0,2021-07-23 12:00:00
20.240515299638112,27.29918214480082,3.955063554975722,14.440567228115269,66.17265647475918,17.645024596632748,1.0,0.9763888888888888,2021-07-24 00:00:00
19.41918578677707,28.6463580608368,4.156066968705919,14.497608716578949,66.82247031724287,17.827945667415065,0.9583333333333334,1.0,2021-07-24 12:00:00
19.774794396836835,27.18534458462817,4.006994726263266,14.235882838560403,65.37995477301239,18.17281038660535,0.9986111111111112,0.9833333333333332,2021-07-25 00:00:00
19.8793534676234,27.09961400032044,3.95695647266176,14.229702394751884,65.41553372430951,18.972877723745697,0.9722222222222222,1.0,2021-07-26 00:00:00
19.08008666562437,28.67793173120151,4.183657046650978,14.4738564892948,66.5077326842023,19.068213364105087,0.9986111111111112,0.9986111111111112,2021-07-26 12:00:00
19.26936117675569,29.21705912484063,4.27210429377026,14.493643607116407,67.38851092002459,19.15012783662724,1.0,1.0,2021-07-27 12:00:00
19.780401966306897,27.60783623589409,4.175452676084307,14.412871983192034,66.19343072163562,19.844992134657648,0.9805555555555556,0.9930555555555556,2021-07-28 00:00:00
19.97350667582618,28.89849797884624,4.259261357784271,14.794259663417728,68.05899559656261,17.19930024474622,1.0,0.9805555555555556,2021-07-29 00:00:00
19.329198659790887,30.253341886732315,4.4187190969785055,14.912876770893734,68.94513244960044,17.95242712010321,1.0,1.0,2021-07-29 12:00:00
19.97541027334001,28.87536232736376,4.383190504709879,14.770800763078862,68.18482493066954,18.66412494721556,0.9819444444444444,1.0,2021-07-30 00:00:00
19.42681367794673,30.19787556330363,4.515252572960324,14.969290450546476,69.1124757097827,18.302910332737607,1.0,1.0,2021-07-30 12:00:00
20.027396341164906,28.3996409840054,4.398882673846351,14.538810739086736,67.53902288658752,19.60089645920519,1.0,1.0,2021-07-31 00:00:00
19.240532002184125,30.12122778892517,4.573435204558902,14.812926192747222,68.77543072534932,19.74960853161874,1.0,1.0,2021-07-31 12:00:00
20.02346269157198,28.80022519959344,4.493159613344404,14.64966959125466,68.0868985172775,19.503968124798057,1.0,1.0,2021-08-01 00:00:00
19.601479989952512,30.08644682566325,4.603655420409309,14.717526270283592,69.02768706348208,20.246988750374665,1.0,0.9777777777777776,2021-08-01 12:00:00
19.738305566045973,28.42314757770962,4.630494838290744,14.637967419438064,67.56510831761277,20.93173978635913,0.9833333333333332,1.0,2021-08-02 00:00:00
18.695992562505936,30.31146896680196,4.634936014811198,14.896459279457728,68.54101242290602,20.79383569140025,1.0,1.0,2021-08-02 12:00:00
19.685006341669293,28.609647268719144,4.452700116899279,14.599373307492998,67.5241662091679,21.13934498399792,1.0,1.0,2021-08-03 00:00:00
19.669081429640453,30.301537958780923,4.444759856330024,14.793148655692736,69.18621138367388,21.167697721071686,1.0,1.0,2021-08-03 12:00:00
20.36989125675625,27.834441979726154,4.217956390645769,14.101851789270423,66.67294835128511,20.849106342852963,0.9930555555555556,1.0,2021-08-04 00:00:00
19.796493265451865,27.10107897983657,4.229390423905311,13.90948899175144,65.22817201225294,20.47819355641592,0.9847222222222224,0.9847222222222224,2021-08-05 00:00:00
19.44547919034958,27.29732002152337,3.634953143861559,13.66585574015561,64.26199280551324,19.52060060639916,0.9875,0.9944444444444444,2021-08-06 00:00:00
20.20337962574429,29.65629215770297,4.061644058757358,14.29711534142908,68.31237696369902,18.45169697680702,0.9819444444444444,1.0,2021-08-06 12:00:00
20.432061241732704,29.93738086488512,4.040115662415823,14.264982286757894,68.80240276091628,20.48315474380562,1.0,1.0,2021-08-07 12:00:00
20.991477285491097,28.384280082914565,4.005247553189595,14.129964658721454,67.80775239709764,19.87708442013872,1.0,0.9875,2021-08-08 00:00:00
20.68805754052268,29.806073824564617,4.179989322026571,14.27465065618356,69.15198039644294,19.17597856772054,1.0,1.0,2021-08-08 12:00:00
20.95184410545561,28.307156462139552,4.036798071861267,14.167245725459525,67.75757053262657,19.35958661833589,0.9888888888888888,1.0,2021-08-09 00:00:00
19.54413424200482,30.19437789387173,4.252805236975352,14.199118634189167,68.36165514004728,19.890526454904048,0.9875,1.0,2021-08-09 12:00:00
19.51880275938246,30.47792806095547,4.267143528991276,14.45111500389046,68.90030253165298,20.612742471496247,1.0,1.0,2021-08-10 12:00:00
21.103403968281217,28.936365360683865,4.10363245540195,14.236182537674903,68.63582957684994,20.536906884355265,1.0,0.9791666666666666,2021-08-11 00:00:00
20.351622074180177,30.45987360212538,4.158782060941061,14.35227458026881,69.45205342187029,20.48343612052772,0.9583333333333334,1.0,2021-08-11 12:00:00
21.200468858083088,28.8348862806956,4.020052178038491,14.266944755613803,68.60107444276413,19.54557649253537,0.9791666666666666,0.9513888888888888,2021-08-12 00:00:00
19.433322673373752,29.60160416497125,3.990716109010908,13.985630465547244,67.16174949175782,21.7240491974768,1.0,0.9944444444444444,2021-08-12 12:00:00
21.507854812675053,29.62488067415025,4.15507130490409,14.849666921959985,70.38044310675727,19.424029323528405,1.0,1.0,2021-08-14 00:00:00
20.53845538430744,31.11081487337748,4.241083642509248,14.843525737524033,70.84836307035552,19.91206261881168,1.0,1.0,2021-08-14 12:00:00
21.34278353320228,29.8684581067827,4.217127815882365,15.07240102092425,70.67885163625081,19.954818731185185,1.0,1.0,2021-08-15 00:00:00
20.78663734065162,31.477517096201577,4.303953535689248,15.00596187710762,71.66551571885745,20.05526252545633,1.0,0.9819444444444444,2021-08-15 12:00:00
20.19498213926951,30.56364601188236,4.406015046437582,15.17439342505402,70.47157330016294,19.25526946433121,0.9819444444444444,1.0,2021-08-16 00:00:00
19.496176430914137,32.12892849180434,4.537778551048703,15.411072203185824,71.62944571375847,19.734201922982315,0.9847222222222224,1.0,2021-08-16 12:00:00
19.98569673299789,30.161770635181004,4.323403762446509,15.135223618646462,69.84490544282728,19.15304026558868,1.0,0.9638888888888888,2021-08-17 00:00:00
19.08528103033701,32.10251336097717,4.499466603332095,15.35493364168538,71.114262756043,19.218523125929984,0.9819444444444444,1.0,2021-08-17 12:00:00
19.92620491584142,30.12183197604285,4.294826002253426,15.169831343160736,69.73487143350972,19.00833267237426,1.0,0.9652777777777778,2021-08-18 00:00:00
20.000543026129403,31.271558939086063,4.255536031723023,14.855170193314551,70.59302880134848,19.874831781781936,1.0,1.0,2021-08-18 12:00:00
21.67559225824144,29.439382637871635,4.09329592121972,14.683372295896213,70.19603184892071,18.630052554200617,1.0,0.9694444444444444,2021-08-19 00:00:00
21.336942301856148,29.52592842049069,4.1158513724803925,14.509354844358231,69.77339420451058,19.089007666486165,0.9972222222222222,1.0,2021-08-20 00:00:00
20.59162633551492,31.2810082382626,4.199116675059001,14.592327664295832,70.76834976341989,20.183001304191706,1.0,1.0,2021-08-20 12:00:00
21.79155811336305,29.322943878173827,4.10103336903784,14.53615924252404,70.06318637066417,19.3571844958849,1.0,1.0,2021-08-22 00:00:00
21.20537214279175,29.634339353773328,4.212138474649853,14.496264699432585,69.7622680677308,19.27638233356277,1.0,1.0,2021-08-23 00:00:00
20.279832842614915,30.0538168085946,4.028114306926727,14.10466595855024,68.62681632075045,19.99435319494953,1.0,1.0,2021-08-23 12:00:00
21.644566894902123,28.511158116658528,4.237844799624549,14.71966638061632,69.3905263108667,16.47680251882464,0.9625,1.0,2021-08-26 00:00:00
21.143522686428494,31.011533111996123,4.490343451499939,15.05717784497473,71.72864627506998,17.285027509411037,1.0,1.0,2021-08-26 12:00:00
21.506982405980427,28.78456938531664,4.286272752285004,14.656978189282947,69.47002219888898,16.65775536925234,1.0,1.0,2021-08-27 00:00:00
21.48484645817015,28.46899628109402,4.170935196346707,14.482984205087028,68.84059426850743,17.39988578765948,1.0,1.0,2021-08-28 00:00:00
20.566551287968952,31.050862447420755,4.496077213022444,14.975538508759604,71.0704730934567,17.576747512899473,1.0,1.0,2021-08-28 12:00:00
20.70707083808051,28.863404846191408,4.361487532986535,14.860290622048907,68.97784814635912,17.640401923116485,1.0,1.0,2021-08-29 00:00:00
19.48712119261424,30.734360959794785,4.5095165001021495,15.181699578298463,69.97865460349453,17.99385326885495,1.0,1.0,2021-08-29 12:00:00
21.67793111536238,28.98391055530972,4.346669543451733,15.076662228504818,70.32376433346006,17.415538015486273,0.9972222222222222,1.0,2021-08-30 00:00:00
21.190193271636964,29.60257708761427,4.270007311635547,14.673025815851158,69.95658957146937,17.25838922317068,1.0,0.9708333333333332,2021-08-30 12:00:00
21.26414219405916,28.27867046462165,4.198540863725874,14.642360003582306,68.6681508426451,18.128112554248943,0.9916666666666668,0.9777777777777776,2021-08-31 00:00:00
20.07130883137385,28.683001142077977,4.0280129618114895,14.05693504843447,67.03541394107872,18.595692674029703,1.0,1.0,2021-08-31 12:00:00
20.639645041359795,26.34146836068895,3.8214882532755534,13.639382367642328,64.75338518749834,18.201488087822707,0.9958333333333332,1.0,2021-09-01 00:00:00
21.92762048774296,28.260341983371312,4.203545756472481,14.605590699330463,69.37677164695212,17.783546999991074,0.9875,1.0,2021-09-02 00:00:00
22.135816593964893,29.80583446820577,4.4368093676037255,14.977672296100192,71.6331323378616,17.6734420225078,1.0,1.0,2021-09-02 12:00:00
22.49198860062493,27.27130004564921,4.296218650208579,14.410247992972533,68.7903271160192,17.038968008249967,1.0,1.0,2021-09-04 00:00:00
21.29820586310493,28.281924973593817,4.3132608791192375,14.05076085449093,68.2491329734938,17.505891423334575,0.9833333333333332,1.0,2021-09-04 12:00:00
19.647260863251155,27.50497308307224,3.402135316530864,13.13774695892773,63.93155508272822,19.71112125128809,1.0,1.0,2021-09-11 12:00:00
22.25546176045594,26.490772868064912,3.621794208531917,13.660369047866578,66.36114858072226,17.377796600441936,0.9986111111111112,0.9694444444444444,2021-09-13 00:00:00
22.89408757524132,28.01573495772021,3.711425940416784,13.69662537192602,68.63420752121941,17.40354278044969,0.9736111111111112,0.975,2021-09-13 12:00:00
22.544738524149125,26.81774850349267,3.6282931349042062,13.31964150871123,66.66296351983915,17.596321797389763,0.9986111111111112,0.9986111111111112,2021-09-14 00:00:00
22.66541460355123,29.027505853441028,3.867224689986971,13.942560052540568,69.7762808246745,17.265712465105555,1.0,1.0,2021-09-14 12:00:00
23.16995554765065,27.94624934726292,3.875467967324787,14.078230449557305,69.40327988631195,16.90530281479462,0.9833333333333332,0.9763888888888888,2021-09-15 00:00:00
22.57125958998998,29.05580901039972,3.83866642581092,13.93624313539929,69.73724658290546,16.715269488428724,1.0,1.0,2021-09-15 12:00:00
22.88474933173921,27.87866236368815,3.810073917441898,13.895008546988375,68.80907019331741,17.13562116154702,0.9819444444444444,0.9875,2021-09-16 00:00:00
22.92287797000673,29.4134956518809,3.913383948140674,14.315503891309104,70.88801540997294,17.097120807921815,0.9541666666666668,1.0,2021-09-16 12:00:00
23.08717327647739,27.94323176807828,3.801767327388128,14.193315701393615,69.3991371638659,17.186726831541698,0.9875,1.0,2021-09-17 00:00:00
22.66390989753935,29.75830499860976,3.936996563937929,14.375795894861222,71.01115410327911,18.314402667906904,1.0,1.0,2021-09-17 12:00:00
23.229670157697463,27.981167353524103,3.856815391116672,14.275196694665484,69.69857828617096,18.755877009428897,1.0,1.0,2021-09-18 00:00:00
22.77409046490987,30.08052735858493,4.072439997063743,14.508625382184984,71.69374128712548,18.599913002208,1.0,1.0,2021-09-18 12:00:00
23.449047667450376,28.76035582754347,3.997608201371299,14.45541346669197,71.02200057109197,18.24419987805665,1.0,1.0,2021-09-19 00:00:00
22.971824938721127,30.22845122549269,4.128921525345908,14.559077844354842,72.13757043149737,17.658001165495076,1.0,1.0,2021-09-19 12:00:00
23.25944142341614,29.14498981369866,4.066066037946277,14.55652309126324,71.3766544898351,18.15414804392316,1.0,1.0,2021-09-20 00:00:00
22.69516834947798,30.341671842998927,4.10306064552731,14.600463028086557,71.98949380119642,18.042620611779817,1.0,1.0,2021-09-20 12:00:00
22.412668396366968,29.501790051990085,3.9477788693375055,14.180684003730615,70.31858492112822,16.567074806314107,0.975,1.0,2021-09-21 12:00:00
22.88635670741399,28.197005160649617,3.860477013720408,14.16534489509132,69.53653711461358,16.92915902037185,1.0,0.9430555555555556,2021-09-22 00:00:00
22.48288435406155,29.355591122309367,3.9329072124428217,14.13166367991103,70.27687581959698,16.683339162493496,0.9902777777777778,1.0,2021-09-22 12:00:00
22.63618865807852,28.449491108788383,3.823928646246592,14.01454088754124,69.39158140156005,18.051329689054565,1.0,1.0,2021-09-23 12:00:00
23.28703912629021,27.73508800930447,3.84929055041737,14.048474937325553,69.35627088577797,18.064596744272748,1.0,0.9527777777777776,2021-09-24 00:00:00
23.218607677353752,27.548854700724284,3.712578837739097,13.64357964893182,68.57271671990553,18.48119854174165,1.0,0.9708333333333332,2021-09-25 00:00:00
22.53455498748356,27.32434100574917,3.714106758435568,13.772122117038816,67.7919246628777,15.021341385494704,1.0,1.0,2021-09-27 00:00:00
22.76796778440476,26.19842052989536,3.555661533938514,13.604944384653049,66.59703017396265,15.285895666823452,0.9583333333333334,0.9736111111111112,2021-09-28 00:00:00
22.437976525889503,28.902322853936088,3.789310967922211,13.944653619660272,69.49216436081463,15.91312281089569,1.0,1.0,2021-09-28 12:00:00
24.4282024608718,27.47215774324205,3.928176418277952,14.351288320951992,70.61680591536893,14.138775287108436,1.0,1.0,2021-09-30 00:00:00
23.72504361073176,28.771902110841538,4.002926662895415,14.113822581370671,71.02031155294843,14.413945039570258,1.0,1.0,2021-09-30 12:00:00
23.615196180343627,27.611034462187025,3.94700825015704,14.02427099744479,69.60567380521033,13.914223593046934,1.0,1.0,2021-10-01 00:00:00
23.34374281565348,28.021852699915566,3.987143674823973,13.899008880058924,69.66569809913635,15.558844493204948,0.9902777777777778,0.9986111111111112,2021-10-02 00:00:00
22.75491147438685,29.282673120498657,4.022796710994508,13.84151805837949,70.2811592274242,16.402200896740723,1.0,1.0,2021-10-02 12:00:00
23.25081504980723,27.62090340190464,3.912499335739348,13.562426832649445,68.8230752825737,15.485104175543908,1.0,1.0,2021-10-03 00:00:00
22.84606093565623,26.49895594384936,3.8007725894451134,13.181434245242013,66.74582590924369,15.097289388372886,0.9888888888888888,1.0,2021-10-04 00:00:00
22.719935609234703,28.315620793236626,3.935768787728416,13.346114961968528,68.77413558297687,15.212116852157791,1.0,1.0,2021-10-04 12:00:00
23.577393288082547,26.784726752175224,3.9628348257806567,13.525942374336427,68.26461136314707,15.295472972798866,0.9861111111111112,1.0,2021-10-05 00:00:00
24.384673760996925,27.081947496202257,4.127657049894333,13.965280280510584,69.93816340366999,15.853883969876014,1.0,0.9861111111111112,2021-10-07 00:00:00
23.33661615451177,28.95694849756029,4.10017500254843,13.759482445981767,70.55401626030604,15.683152978497333,1.0,1.0,2021-10-07 12:00:00
24.36764463451173,26.703863181008234,4.043074736992518,13.816344687342644,69.32828622824616,16.109984893673424,0.9902777777777778,1.0,2021-10-08 00:00:00
23.859457364347247,28.784134679370457,4.082802746031019,13.745450870196024,70.86514670782618,15.840882288329764,1.0,1.0,2021-10-08 12:00:00
24.71213389635086,27.45665140151977,4.088854378461837,13.931604417496258,70.60800399084886,15.675814174794368,1.0,0.9861111111111112,2021-10-09 00:00:00
23.328800230556062,29.26413336859809,4.095957757367028,13.740205629004372,70.79400407274564,15.747411744098493,1.0,1.0,2021-10-09 12:00:00
23.15799875524309,29.00454939206441,4.227212623092863,13.629077552838458,70.39769337483578,16.43898488958657,0.9694444444444444,1.0,2021-10-11 12:00:00
23.586688825819227,28.19910954899258,4.154660904407502,13.599463817808363,69.9977031621668,17.944792603527137,1.0,1.0,2021-10-12 00:00:00
23.19210066927804,29.0349191347758,4.266286973158518,13.639988129006491,70.57941379348436,17.933673963326328,1.0,0.9861111111111112,2021-10-12 12:00:00
23.48592670228746,27.874946525361803,4.133099361260732,13.749290212657716,69.69812706245317,18.578351658561783,1.0,1.0,2021-10-13 00:00:00
23.121179876062605,29.374752934773763,4.230203602711359,13.842457502086956,70.99092781245709,17.398215359156673,0.9847222222222224,1.0,2021-10-13 12:00:00
23.508724967638653,28.6411387761434,4.182294603851107,13.926108411285613,70.71026496489843,18.16202711632087,1.0,1.0,2021-10-14 00:00:00
22.36475058529112,29.47572013537089,4.196236554781596,13.827285412285065,70.24264040523106,17.717600429081063,0.9930555555555556,1.0,2021-10-14 12:00:00
23.096342607339224,27.054485495885213,4.102758878469468,13.702267025576695,68.39666602479087,16.716049012270638,1.0,0.9916666666666668,2021-10-15 00:00:00
22.552901649475096,27.8707562022739,4.212646734052234,13.721813714131711,68.81073854395913,16.901684891731815,0.9916666666666668,0.9902777777777778,2021-10-15 12:00:00
23.32346034977171,26.06582006348504,4.099065928988987,13.64720786197318,67.66066634903352,17.097830874180943,1.0,0.9791666666666666,2021-10-16 00:00:00
22.719035380416447,27.04789703157213,4.13252756330702,13.507480208741294,67.90242384076119,17.958667128844663,1.0,1.0,2021-10-16 12:00:00
25.31390663517846,25.71108634206984,4.404474117358526,14.564547464582656,70.44759014182621,14.00654540915946,0.9888888888888888,1.0,2021-10-18 00:00:00
24.408384360207453,26.79211396641201,4.369994299941593,14.221897300084432,70.26592351131968,14.405042909419462,1.0,1.0,2021-10-18 12:00:00
24.158955199188657,26.760344155629475,4.269739540417989,14.3094488584333,70.0041733559635,13.007816679844808,1.0,1.0,2021-10-19 12:00:00
24.2552389131652,26.898207749260795,4.415161610311932,14.270959277947744,70.32227522201008,13.298682955596895,1.0,1.0,2021-10-20 12:00:00
24.78119449483024,25.23527457449171,4.438576606909434,14.253378097216288,69.12625883354082,13.277702061331164,1.0,1.0,2021-10-21 00:00:00
23.260085655583275,27.047415992948743,4.463254278898239,14.220676214827431,69.42755833069484,13.07306529702096,0.9847222222222224,1.0,2021-10-21 12:00:00
25.09255996545156,25.42374538315667,4.430300786760118,14.277709168195724,69.6437708457311,13.894515585669678,1.0,0.9694444444444444,2021-10-22 00:00:00
24.41430941025416,26.84587722884284,4.418272782034344,14.19148475660218,70.32627323071162,15.135393976363597,1.0,1.0,2021-10-22 12:00:00
25.181142206986745,25.11923682424757,4.370181751251221,14.309163839949502,69.41159500148561,15.356528208236632,0.975,1.0,2021-10-23 00:00:00
24.289687633514404,26.66833035151164,4.408565023210314,14.10209491683377,69.93044176399708,14.767479874961651,0.9819444444444444,0.9777777777777776,2021-10-23 12:00:00
24.841465849346584,24.91901371214125,4.359720085726844,14.136189647515614,68.69730832510524,14.560951784138457,1.0,1.0,2021-10-24 00:00:00
24.532691133022308,26.551410971747504,4.380970748927858,14.165750580032666,70.14143086440033,14.748156552914471,1.0,0.9763888888888888,2021-10-24 12:00:00
24.92457434336344,25.37551824251811,4.376782737837898,14.071831452184254,69.24261511299345,14.532368050377013,1.0,1.0,2021-10-25 00:00:00
24.9874002761311,26.28892954720391,4.527718906270133,14.233749626080195,70.5255934185452,14.326833221315905,1.0,1.0,2021-10-25 12:00:00
24.75754991637336,26.337186034520467,4.518169240156809,14.092721105946437,70.19948058724404,14.190415805631538,1.0,1.0,2021-10-26 12:00:00
25.330755841732024,24.9448429160648,4.506522369384766,14.221473680933316,69.4609903862079,15.031764256713927,0.9847222222222224,1.0,2021-10-27 00:00:00
24.599091290103065,26.163709836535983,4.586329403850767,14.168046560552384,69.99622750679652,15.20259691700146,1.0,1.0,2021-10-27 12:00:00
24.31466064982944,23.56242941220601,4.131098189618853,13.13620676593855,65.6207319895116,14.97248273239601,1.0,1.0,2021-10-28 00:00:00
25.316492426395417,25.57353891796536,4.629813544617759,14.08300206065178,70.03982541031307,13.734543525918022,0.9875,0.9958333333333332,2021-10-28 12:00:00
25.2008203956816,25.05021031167772,4.555973749690586,13.777798804309633,69.0047468582789,13.991670715877513,1.0,1.0,2021-10-29 00:00:00
25.480125421947903,26.15042051739163,4.663017029232449,14.078449319468604,70.80016702016195,15.161016973127936,1.0,1.0,2021-10-29 12:00:00
24.80093569755554,25.996333180533515,4.498938172393375,13.725290125608444,69.47836913400226,16.34666663326069,0.9902777777777778,0.9958333333333332,2021-10-30 00:00:00
24.394166796737245,26.17413959503174,4.520755802922778,13.635494105683431,69.20803064174122,16.517241787888985,1.0,1.0,2021-10-30 12:00:00
24.49592114024692,25.977443149354723,4.562414196464751,13.7940195037259,69.31809761722883,16.059917433480244,1.0,1.0,2021-10-31 00:00:00
24.369414643446603,26.19057257970174,4.625667407777574,13.721897543138928,69.38321409291692,16.056663774300333,1.0,1.0,2021-10-31 12:00:00
24.798160060246783,25.61917683283488,4.4863128874037,13.732180178165436,69.10523283746508,16.1456609360326,1.0,1.0,2021-11-01 00:00:00
24.806022408273485,25.304019572999746,4.499261249436272,13.651501823796169,68.7209291199843,18.185816495855832,1.0,1.0,2021-11-01 12:00:00
25.40060541364882,27.09631465805901,4.789347076416016,13.975460579163498,71.7175870920221,13.98275934742716,0.9861111111111112,0.9958333333333332,2021-11-02 12:00:00
25.33351810508304,26.883046632342868,4.812089052465227,13.986996055642765,71.47013657059935,13.225283983909254,0.9819444444444444,1.0,2021-11-03 00:00:00
26.435670954651304,26.33335588773092,4.866432171397739,14.04061065779792,72.13110405537817,13.578987334385875,0.9875,0.9375,2021-11-04 00:00:00
25.212099085913763,27.051717223061456,4.919988550411331,13.986427027318213,71.6162393755383,15.203185048174989,1.0,0.9638888888888888,2021-11-04 12:00:00
25.56329431798723,26.322424772050645,4.93813746770223,14.096393351422416,71.35679181416829,14.712037297277964,1.0,1.0,2021-11-05 00:00:00
25.890199914243485,25.75896272659302,4.872200587722991,14.174187899960412,71.10877507395215,13.5400303798606,1.0,0.9791666666666666,2021-11-06 00:00:00
25.365935962729985,26.675474649005466,4.849987795617845,13.83704370657603,71.19789314601157,14.222778403563634,0.9875,1.0,2021-11-06 12:00:00
25.008032462331983,26.92386644151476,4.733107391330931,13.781356375084982,70.92288374834591,13.755860321934328,0.9652777777777778,1.0,2021-11-07 12:00:00
25.190724453661176,26.0799546400706,4.769043462144004,13.962125793099403,70.4299818482664,12.455338702586149,1.0,0.9847222222222224,2021-11-08 00:00:00
25.05767729017469,25.50487117767334,4.794463460975223,13.984134207831488,69.75775640673108,14.492585291557871,1.0,1.0,2021-11-09 00:00:00
24.97656683127085,25.886405653423733,4.764236949549781,13.855650228261949,69.95422857668665,15.478967489925624,1.0,0.9972222222222222,2021-11-09 12:00:00
25.04711709552341,25.16446565522088,4.7280918465720285,13.805052767859564,69.2135438395871,15.30164495107092,0.9930555555555556,0.9888888888888888,2021-11-10 00:00:00
25.40488910807504,26.286127212312486,4.903560362921821,13.940053606364462,70.99807632433044,16.188752262300373,0.9930555555555556,1.0,2021-11-10 12:00:00
26.75931863917245,25.4525038295322,5.07552390827073,14.38681617014938,72.08716498414675,15.525692135895577,1.0,1.0,2021-11-12 00:00:00
26.93301266166899,25.22941699557834,5.114963374204105,14.6445610596074,72.35590707063675,15.955616739679853,1.0,0.9777777777777776,2021-11-13 00:00:00
26.65372938778665,26.719600009918214,5.245167260368665,14.349287123729786,73.44846615195274,15.890608104727292,1.0,0.975,2021-11-13 12:00:00
26.68649402327008,25.58857551680671,5.204371517896652,14.522245721353425,72.44575219949087,15.494379528552892,1.0,1.0,2021-11-14 00:00:00
26.19374396271176,26.27241676118639,5.271389647987154,14.404102559553252,72.63431720071368,15.220418468607065,1.0,0.9861111111111112,2021-11-14 12:00:00
26.11421847078536,24.47100805706448,5.106104533871015,13.911707321854514,70.01005556621692,12.39647012298992,1.0,0.9986111111111112,2021-11-16 00:00:00
26.268908979495368,26.24401413069831,5.371660973297225,14.144198379582829,72.47873571978675,13.22824764247177,1.0,0.9944444444444444,2021-11-16 12:00:00
26.946954068872664,24.58586974143982,5.343164434697893,14.20215485725138,71.4893271625042,14.462253420813752,1.0,1.0,2021-11-17 00:00:00
26.01575825346841,25.6328546471066,5.307247711221377,14.094700399372313,71.5264155374633,14.922618535876628,1.0,1.0,2021-11-17 12:00:00
26.40262517266803,26.15547178586324,5.4968002941873335,14.175511515140531,72.69227657318115,14.411983761124716,1.0,1.0,2021-11-18 12:00:00
26.45999738110436,25.11389640702141,5.485799262589879,14.098118552234435,71.55771924787098,15.50559046413856,0.9847222222222224,0.9986111111111112,2021-11-19 12:00:00
26.56617705557081,25.725737693574693,5.549113288852904,14.271206015348437,72.52297857602437,16.393367585007944,1.0,1.0,2021-11-20 00:00:00
25.68242671092351,25.84644218550788,5.39504563609759,14.095920314060317,71.44873130189048,17.768477681918686,1.0,1.0,2021-11-20 12:00:00
26.25447365045548,24.661115079455904,5.432916198836432,14.279604375693534,71.03494913710489,15.992808260010785,1.0,1.0,2021-11-21 00:00:00
25.98837984535429,25.439711480670503,5.451162415411737,14.21850123041206,71.56676687664456,17.063479839057702,1.0,1.0,2021-11-21 12:00:00
26.111250392595927,24.502361493640475,5.412925293710496,14.256246619754368,70.70387267536587,17.108179240701926,1.0,1.0,2021-11-22 00:00:00
25.2124656452073,24.91962570084466,5.36311563650767,13.88779126935535,69.84451083540917,17.52227139856101,1.0,1.0,2021-11-22 12:00:00
25.83448288705614,24.2329105536143,5.2915020631419285,14.028147911032042,69.80325102839205,16.588901282816863,1.0,0.9736111111111112,2021-11-23 00:00:00
25.615029003885056,24.80277829700046,5.299347822533713,13.923388368553583,70.10607248081101,15.760788509830826,1.0,0.9763888888888888,2021-11-23 12:00:00
25.38576689163844,25.50398800637987,2.4931992140081194,14.642183827029337,68.4833365990056,14.232155509772356,0.9875,1.0,2021-11-27 12:00:00
24.64815054204729,25.518190500471327,2.375972184207704,14.580376477705109,67.55318575600784,12.459035334343625,1.0,0.9986111111111112,2021-11-28 00:00:00
25.42878937191433,27.031373680962457,2.541389958726035,15.080309224790996,70.54437847799726,12.689690847834358,1.0,1.0,2021-11-28 12:00:00
25.98307314846251,27.10827416314019,2.6097794665230647,15.440045877959992,71.58548017872704,12.232452731589314,1.0,0.9819444444444444,2021-11-29 00:00:00
25.722251169549093,27.96512909465366,2.70541448129548,15.478905643688307,72.32833881245719,11.779513090982176,1.0,1.0,2021-11-29 12:00:00
25.84504935410288,27.589496660232545,2.6951011266973284,15.481813746028475,72.07596256070667,11.64911420977892,1.0,0.9875,2021-11-30 00:00:00
26.051803191502888,26.8300846947564,2.683135749234093,15.335154717498355,71.30095204512278,11.549019773574352,1.0,0.9875,2021-11-30 12:00:00
25.531137108802795,27.060296456019085,2.6700748185316723,14.958549486266245,70.65643724004427,11.950724408835208,1.0,1.0,2021-12-01 12:00:00
25.505602686935,26.44615560107761,2.665324354834026,14.97584306134118,69.9949851082431,11.257390926064213,1.0,0.9902777777777778,2021-12-02 12:00:00
25.812955564260484,25.959833754433525,2.622137947877248,15.071502882242203,69.79976749287711,10.471285145986942,1.0,0.9958333333333332,2021-12-03 00:00:00
25.63232453068097,26.82121047973633,2.718345343404346,15.212133987082376,70.81463715235392,10.919128336939908,1.0,1.0,2021-12-03 12:00:00
25.44077348642879,26.934655401441788,2.624518494473563,15.320960411760542,70.73129373523923,12.806308400637503,1.0,1.0,2021-12-04 00:00:00
25.584316607978607,27.002875985039605,2.71836776998308,15.556125791867574,71.28642842637169,12.869909311439889,1.0,0.9888888888888888,2021-12-04 12:00:00
25.570756094985537,26.32100281715393,2.805398862229453,15.40635628832711,70.49195111062792,12.671771531881271,1.0,0.9916666666666668,2021-12-05 00:00:00
25.481703210539287,27.30964572164748,2.796495455503464,15.320041152503755,71.33921177917057,13.61461470650722,1.0,0.9902777777777778,2021-12-05 12:00:00
26.011624711089663,26.33667074309455,2.8013807872931165,15.399316463536689,70.90368336439133,12.952175445698392,1.0,1.0,2021-12-06 00:00:00
25.21087724632687,27.30455191400316,2.8355121264855065,14.965454253554345,70.76331300603019,13.567583153536637,1.0,0.9847222222222224,2021-12-06 12:00:00
25.03469823996226,26.55955072508917,2.888748366302914,14.683856498532824,69.57779765990045,13.740897870658753,0.9763888888888888,0.9847222222222224,2021-12-07 12:00:00
24.805165508058337,25.90970136854384,2.7862028810713024,14.428892954687278,68.3279426963793,14.459359097069791,1.0,0.9680555555555556,2021-12-08 00:00:00
26.011128309700226,26.747290775511,2.8788243273893994,15.172835324870215,71.19855369461908,15.69918095026225,1.0,1.0,2021-12-09 12:00:00
26.38272957735592,26.65822965833876,2.936147589815988,15.34079406592581,71.6899990098344,15.113712505113128,1.0,0.9597222222222224,2021-12-10 00:00:00
25.98648526933458,26.573211246066624,2.8582594533761343,14.997641048166487,70.79197159806887,15.193392802994463,1.0,0.9708333333333332,2021-12-10 12:00:00
26.42357346349292,26.303994184070163,2.897385047541724,15.382479251093336,71.34117554359966,14.580544699972725,1.0,1.0,2021-12-11 00:00:00
26.284289340840445,27.6370502418942,3.02718625664711,15.28571010861132,72.58814586268531,12.817316435458988,0.9861111111111112,1.0,2021-12-13 00:00:00
25.10338477955924,26.463796175850764,2.8532700969113245,14.451240091244754,69.2694963170956,13.79072001428902,1.0,1.0,2021-12-13 12:00:00
25.801130481561025,26.935061746173435,2.999366158246994,15.076665507422554,71.21764828430281,12.956827297176323,1.0,1.0,2021-12-14 00:00:00
25.623253917694093,27.74269601504008,2.9793907549646166,15.085435651408302,71.9015005144808,14.682307036363436,0.9930555555555556,1.0,2021-12-14 12:00:00
25.32676636113061,27.669230710135565,2.9872237708833485,14.809484225180414,71.23504385451476,14.918226909093956,1.0,0.9791666666666666,2021-12-15 00:00:00
25.033459962738885,27.516033130221896,2.9759652382797666,14.6776648428705,70.63973150518206,15.519964038130574,1.0,1.0,2021-12-15 12:00:00
25.35787048207389,26.46514689127604,2.903099480602476,14.694820668962269,69.85336186952061,16.220229573749425,0.9819444444444444,1.0,2021-12-16 00:00:00
25.15257525973849,26.7616680516137,2.96267685227924,14.44786226782534,69.73236554298136,17.093733032147163,1.0,1.0,2021-12-16 12:00:00
24.96869000075424,26.23449277280932,2.9561934941998773,14.134957967447804,68.68294427059953,17.31300413317491,0.9986111111111112,0.9986111111111112,2021-12-17 00:00:00
25.395878296428258,27.63245424164666,3.072558982504739,14.84597414135933,71.3392725235886,14.936546672455655,0.9944444444444444,1.0,2021-12-18 00:00:00
25.2516761581103,27.627309295866223,3.061035552952025,14.663161061207454,70.99674088888698,15.11640183247822,1.0,0.9930555555555556,2021-12-18 12:00:00
25.64840637975269,26.36035689247979,3.029741011063258,14.364596221844357,69.74693777031369,14.455864618182549,1.0,1.0,2021-12-19 12:00:00