date_time,dp_PGCT,dp_WESP,dp_droplet,dp_quench,dp_GC,power_input,roaster1inOperation,roaster2inOperation,row_Index

44206.0,10.5093358569675,6.272786606682671,0.5458818127711614,3.3950849578185927,21.0871292771966,75.38477730038952,1.0,0.0,23.0
44206.5,14.642492228994769,12.643013416396249,1.2550439773334396,6.408090151246708,35.43400039798111,28.113416034645272,1.0,0.0,24.0
44207.0,14.703766871823206,12.133283093240523,1.2805689255396524,6.402909168278873,34.943307960704665,28.924978500125214,1.0,0.0,25.0
44207.5,10.09747433298164,7.080277522404988,0.6454134464263916,3.4080861635920074,21.64722394955655,72.99523497430158,1.0,0.0,26.0
44208.0,6.018602635463079,5.033742463092009,0.0555851569657938,0.8432280462519783,12.25684559864975,92.78521031318846,0.6277777777777778,0.0,27.0
44208.5,5.253396868819578,8.1478249249152,1.060368843531857,4.242234150571231,19.023038386576808,25.08464767478932,0.5569444444444445,0.1736111111111111,28.0
44209.0,11.136283720600316,17.569499537628143,2.6961613883988726,10.504685316672475,42.31334914289873,17.33644243405068,0.7847222222222222,0.7013888888888888,29.0
44209.5,15.107863540119595,23.923094733556116,3.633775023619334,14.263383118856048,57.34269770703193,16.432354273282765,0.9944444444444444,1.0,30.0
44210.0,15.27314018143548,23.980040253533257,3.609199763668908,14.479471793857616,57.768720486846966,16.25210938210843,1.0,1.0,31.0
44210.5,12.280755084090762,19.8066705915663,2.6161027325524224,11.877942286701929,47.04403672891054,18.098155405577284,0.6430555555555556,0.5944444444444444,32.0
44211.0,14.481785402033063,23.208317274517483,3.308738222387102,13.850838868330335,55.25766696848182,17.74010578636105,1.0,1.0,33.0
44211.5,14.554796287748548,23.51556581656138,3.349547113312615,13.936112467436438,55.73033134273864,15.140345943753964,1.0,0.95,34.0
44212.0,13.286394186814626,21.16227659384409,2.888535393608941,12.916737404076978,50.673227363105006,15.58120430728472,0.9986111111111112,0.9986111111111112,35.0
44212.5,14.589596581459045,23.12866072124905,3.2808204385969373,13.872416843452084,55.28167501437468,16.06050225020959,1.0,1.0,36.0
44213.0,14.75489670170678,22.90471817917294,3.3467723727226257,14.106345523573328,55.44761326694889,14.658389332157698,1.0,1.0,37.0
44213.5,13.02070359521442,20.3297172943751,2.710842872990502,12.725374337093672,49.15652671130827,16.695168386592517,0.9638888888888888,0.9652777777777778,38.0
44214.0,14.666306893030802,22.55676619741652,3.2283608158429464,14.080662246022904,54.842084125155495,15.388291137489167,1.0,0.9722222222222222,39.0
44214.5,13.939252571264904,25.995832414097254,2.9886750751071505,13.484919786062608,56.73668545445479,16.164640236629932,0.9847222222222224,0.9833333333333332,40.0
44215.0,14.377429013782075,30.350275450282627,3.1223173167970444,13.941550790514055,62.124432308719065,16.673369534730696,1.0,1.0,41.0
44215.5,14.371377205848692,30.18719924820794,3.059580796294742,13.620068624843972,61.57617812345076,16.537489178700618,0.9722222222222222,1.0,42.0
44216.0,13.525760668961125,28.011997065082607,2.851744230629669,13.068252984827591,57.73709161819683,16.068079423291802,0.9611111111111112,0.9625,43.0
44216.5,12.24735312577751,26.01834881140126,2.477183813808693,11.681301164085095,52.75219516442804,20.563384188105868,0.8986111111111111,0.7861111111111111,44.0
44217.0,14.385856476094988,30.008838147587248,2.997696068551805,13.945045972178276,61.609542432404126,16.774638936277007,0.9736111111111112,1.0,45.0
44217.5,14.2077151550187,30.357979578442045,2.973635240395864,13.683478251500976,61.58326429466809,16.08374490802197,1.0,1.0,46.0
44218.0,15.014438822534348,30.729506685998704,3.0779175731870865,14.264418693231548,63.38974062056708,14.306454925768092,0.9888888888888888,1.0,47.0
44218.5,14.772772563828362,30.65966543356577,2.9811926749017506,13.778524483724,62.56601884115096,15.393038828891846,1.0,1.0,48.0
44219.0,14.601756017737918,30.553854722446864,3.043849219216241,13.979679667343104,62.52415894739105,14.375356301181345,1.0,1.0,49.0
44219.5,14.50851680437724,30.78504911528693,3.0729126400417752,13.78242737545289,62.54718362583436,16.374979316916797,0.9819444444444444,1.0,50.0
44220.0,10.835105007886886,22.62910910513666,2.091711933745278,10.114966662912371,46.00785507876555,30.12100958839144,0.6611111111111111,1.0,51.0
44220.5,4.849539173973931,10.1175411078665,0.4604482263326644,3.5818207072714965,19.35537862189942,63.498832848730416,0.0930555555555555,1.0,52.0
44221.0,14.87609537045161,31.331065458721586,3.155240601963467,13.994838233793985,63.71714460188006,15.972056352266204,1.0,1.0,53.0
44221.5,12.208808534675176,29.924756415685017,2.8097848839230006,13.059073627132198,58.41032269345855,17.463613085115924,0.9097222222222222,0.9125,54.0
44222.0,14.310564262337154,31.97157077259488,3.1241961068577235,14.038016260715407,63.88498615130989,16.24282735806508,1.0,1.0,55.0
44222.5,13.651444019211665,30.41020533243815,2.870724993281894,13.388130693074263,60.78312540759927,17.714328274376633,1.0,1.0,56.0
44223.0,14.382609711752998,31.194795330365498,3.0561155809296503,13.836725432995689,62.89516364136378,16.558190538394975,1.0,1.0,57.0
44223.5,14.370390117168428,31.42034659120772,3.129666154914432,13.811853190976642,63.13108422562638,16.37759507771064,1.0,1.0,58.0
44224.0,14.443487536907195,31.27105374071333,3.0870722320344712,13.95237913032397,63.17060863607484,17.845782927635614,1.0,1.0,59.0
44224.5,13.11894672314326,28.57814249197642,2.6637039648161998,12.626407251580774,57.37771947167736,18.3368858766113,0.8222222222222222,0.8125,60.0
44225.0,14.86806454923418,31.34254186153412,3.188917707072364,14.04980001983414,63.79912697080808,15.792864552355804,1.0,1.0,61.0
44225.5,14.821247013409932,31.350627613067623,3.1467948330773248,14.143910063795436,63.84831326553443,17.391769972850586,1.0,1.0,62.0
44226.0,14.948966109752655,31.263492968347336,3.128554974661933,14.101931270783664,63.8562920790502,17.645396072519137,0.9805555555555556,1.0,63.0
44226.5,14.96681298547321,31.45312685966492,3.159721733464135,13.974513515961975,64.00340962125144,18.539413489769,1.0,1.0,64.0
44227.0,15.193665668699476,31.00422719584571,3.119979320632087,13.965612444257973,63.695968728240565,17.679695844899847,0.9722222222222222,1.0,65.0
44227.5,15.243577904171412,31.858212616708546,3.1691859351264107,13.919478453011834,64.628728177294,18.534204314750674,1.0,1.0,66.0
44228.0,15.008297779824998,30.817877454227872,3.1164869931009083,13.930483552970124,63.26030942846434,17.490296509661306,1.0,1.0,67.0
44228.5,14.912819719314577,31.85712608496348,3.1695669611295063,13.984474490789903,64.37346142137216,18.42572031601508,1.0,1.0,68.0
44229.0,14.852777004241943,31.447235417366027,3.2050305525461837,13.98008274358128,63.9258303839791,18.206667969672797,0.9847222222222224,1.0,69.0
44229.5,14.735791177219816,31.558090835147432,3.2414363397492303,13.972903114136232,63.99242754404032,17.494267773195872,0.9861111111111112,1.0,70.0
44230.0,14.207182596789464,30.1279718902376,3.064469963974423,13.489432813795672,61.361886520589984,17.686385127740213,1.0,0.8263888888888888,71.0
44230.5,14.997448415226406,31.925272891256544,3.3213586476114063,14.03825624881364,64.76236174998857,17.86177704887986,1.0,0.9847222222222224,72.0
44231.0,15.44763518306944,31.602710535791186,3.3734729250272117,14.207011741053106,65.07218803993634,17.633390849941136,0.9930555555555556,1.0,73.0
44231.5,14.246222492059072,30.61852843761444,3.0908060034116107,13.145733728209356,61.55257224129228,18.50056038040081,0.8916666666666667,0.9805555555555556,74.0
44232.0,15.49220487276713,31.16671113702986,3.378458803229862,14.111103218876654,64.56247688076563,16.93159618396999,0.9902777777777778,1.0,75.0
44232.5,15.555417459540896,32.12594582504696,3.369268568356832,13.934071520798735,65.46517278469271,17.418749684129235,1.0,1.0,76.0
44233.0,16.478161878055996,30.788425940937465,3.396075492435032,13.889334022059726,64.97167795405258,17.704520924713748,1.0,0.9833333333333332,77.0
44233.5,16.31656206448873,30.585695033603244,3.5507532795270285,14.06700653947062,65.00940061857303,18.1858567318264,1.0,1.0,78.0
44234.0,15.500629965464274,29.83072288566165,3.5569316188494366,14.284056910087305,63.671129939499465,17.525508287475766,1.0,0.9805555555555556,79.0
44234.5,15.358561984697978,30.327044645945232,3.67605693075392,14.24821965853399,64.09860141171376,16.402048239037136,0.9291666666666668,1.0,80.0
44235.0,8.182546670569314,17.258661293321186,1.5737241933743158,7.843908937811567,35.293070854782776,38.84779153808511,0.0,1.0,81.0
44235.5,3.377569215827518,8.42275516986847,0.6497770647207896,2.3630542231930627,15.254554862446255,69.98204809089388,0.0,1.0,82.0
44236.0,4.913959434959623,11.353990891244676,1.2221565458509658,3.92749534434018,21.840621671603166,54.11629779286761,0.0,1.0,83.0
44236.5,3.404099388255013,8.274907321400113,0.7678133153253132,2.345657116174698,15.216706730590928,64.9572464801665,0.0,1.0,84.0
44237.0,3.465063554710812,7.136757360564338,1.1650523914231194,2.3369660324520534,14.484293756220076,51.93862470963361,0.0,1.0,85.0
44237.5,3.418807939026091,7.983311733934614,1.5820668955643973,2.2043621920877032,15.60222756034798,58.45459982761828,0.0,1.0,86.0
44238.0,2.203246984346899,5.558786641955764,1.8423024914434387,0.5830916589953833,10.553137577216452,39.52496695047499,0.0,0.5944444444444444,87.0
44238.5,3.138816929344709,6.876464563401209,0.2109832469943083,1.665652428360449,12.304211873188615,77.83651990652476,0.0,0.8625,88.0
44239.0,14.074901045031018,28.322766620583003,2.364492701159583,12.817306058882322,57.99355272910196,24.837216295402417,0.775,0.9513888888888888,89.0
44239.5,15.488982399304708,32.97136722935571,2.6757619433932835,14.5214885779553,66.13087896655003,18.19721659134439,1.0,1.0,90.0
44240.0,15.208032087484996,32.76938060124715,2.6688705245653788,14.46850983331808,65.56509372555755,17.839438098873327,0.9861111111111112,0.9652777777777778,91.0
44240.5,15.185087788105012,33.52903894583384,2.6549787905481126,14.467524862392908,66.33526396761752,18.76574298901822,0.9888888888888888,1.0,92.0
44241.0,13.04316837787628,28.49035258160697,2.186832139558262,12.32195005791954,56.52358880351886,22.7031481983685,1.0,0.7763888888888889,93.0
44241.5,10.71507391863399,24.98337148229281,1.7259351909160614,10.307839637173393,48.19488180661186,28.250718369373477,1.0,0.6402777777777777,94.0
44242.0,14.799014345804853,32.55404700703091,2.6699714607662624,14.47427351117755,64.7727175849076,17.010667323984485,1.0,0.9986111111111112,95.0
44242.5,15.350632513893975,32.48426735136244,2.6462424410714043,14.477650224086313,65.3568610895839,17.517250476983058,1.0,1.0,96.0
44243.0,15.09611203538047,32.156298168500264,2.6848887575997247,14.413291942369607,64.67479528780612,18.16819550942082,1.0,0.9847222222222224,97.0
44243.5,15.24469092686971,32.423643718825446,2.762003760867649,14.543332583705585,65.3379869464371,17.933965506367624,1.0,0.9833333333333332,98.0
44244.0,15.223584453264872,32.270535010761684,2.834437877602048,14.660709204943853,65.32842150529743,17.67056590654608,0.9652777777777778,1.0,99.0
44244.5,15.131347935729556,32.43931580384572,2.831594271130032,14.493588948415386,65.23969809893104,18.3302486394999,1.0,0.9986111111111112,100.0
44245.0,15.267809910244411,32.475185704231265,2.8274398300382826,14.61050236887402,65.54776830408308,17.78237321161905,1.0,1.0,101.0
44245.5,15.076347720623016,32.35828417142232,2.7894790689150493,14.302972389157448,64.89191565072785,18.23064163404115,1.0,0.9875,102.0
44246.0,14.918547501828936,32.13465064366658,2.81165099143982,14.389651272984016,64.60166470702323,17.493418346591017,1.0,1.0,103.0
44246.5,15.283819360203212,32.66394675572713,2.8564710471365187,14.243769184582764,65.4158191083206,17.780483639313054,1.0,1.0,104.0
44247.0,15.37284217013253,32.10536403920916,2.8934798505571155,14.381982258831462,65.07052667525907,17.343322067242607,0.9791666666666666,1.0,105.0
44247.5,15.361577008830176,33.06789791054196,2.9221842885017395,14.226348393493229,65.94842712746726,17.677239669936963,1.0,0.9791666666666666,106.0
44248.0,15.460401366816626,32.37402783499824,2.930427544646793,14.407416887705525,65.50382316737539,17.494322159201467,1.0,1.0,107.0
44248.5,14.567952545483909,33.52300091319614,2.9522203816307915,14.161233206300272,65.6275769111597,17.67773869817958,1.0,1.0,108.0
44249.0,15.294535296493107,32.83184623188443,2.99966028796302,14.29730714990033,65.83525063097477,17.577161430590603,1.0,1.0,109.0
44249.5,15.172277279694876,33.33266686068641,2.9868861820962693,14.12973862555292,66.03804493016666,17.853765018360296,1.0,1.0,110.0
44250.0,15.09004499912262,32.58163182205624,3.042869973182678,14.25340036186907,65.37966474592686,18.84260782062498,1.0,1.0,111.0
44250.5,15.178842845227985,33.3990566862954,3.0699050426483154,14.222068084445263,66.26764536152284,18.950968361997436,1.0,0.9930555555555556,112.0
44251.0,14.899375438690186,32.23908680544959,3.087493860721588,14.35616266756422,64.95786135755479,18.17721172570741,1.0,0.9972222222222222,113.0
44251.5,15.001106242338816,33.162554897202384,3.121701146496666,14.286213582754137,65.98242456581858,19.15709789718959,1.0,0.9888888888888888,114.0
44252.0,15.164008780320485,32.17649190690782,3.163045254018572,14.403964672744689,65.27011212599982,18.54246538810636,1.0,0.9847222222222224,115.0
44252.5,15.17055577304628,33.14353056218889,3.2208522134357027,14.331496505935986,66.28575678500864,19.01310347442401,1.0,0.9986111111111112,116.0
44253.0,14.767912628915576,32.03712556362152,3.276912291844686,14.445913514660464,64.88918944448233,17.84758031685116,1.0,0.9902777777777778,117.0
44253.5,14.950012718306647,33.027883378664654,3.2958158254623413,14.375437038143476,66.0892212546534,18.86783484506596,1.0,0.9986111111111112,118.0
44254.0,15.110925137996674,32.484000923898485,3.3415595981809827,14.47979111219239,65.81431248265629,18.579417996384493,0.9888888888888888,1.0,119.0
44254.5,15.137770048777265,32.82481112215254,3.4192411912812126,14.592275886734326,66.34966725872623,18.597024352095715,1.0,1.0,120.0
44255.0,15.591837135950724,32.22022183471256,3.434416953722636,14.8304681521323,66.42544431967868,17.129522450575923,1.0,1.0,121.0
44255.5,15.390404840310415,33.1935554239485,3.38988278971778,14.787471427520115,67.19460149010023,17.65499534546097,1.0,1.0,122.0
44256.0,15.53066346247991,32.510579119788275,3.334818951288859,14.812965429840713,66.5912984672701,16.563397440004902,1.0,0.9888888888888888,123.0
44256.5,15.169736059506734,32.7535406615999,3.3004403524928625,14.756820386149531,66.44988866795902,17.45272789933113,0.9666666666666668,0.9708333333333332,124.0
44257.0,15.550760949982536,32.34714325269064,3.353896551662021,14.91280051138666,66.58132755822605,16.938134159897107,1.0,0.9972222222222222,125.0
44257.5,15.624162108368344,32.93253022299872,3.428211671776242,15.102492569552528,67.48632190889782,16.564737271907806,0.9972222222222222,1.0,126.0
44258.0,15.704845939742194,33.17422476079729,3.5077765968110826,15.165111869821946,67.9850291122165,15.538204671688348,0.9888888888888888,0.9958333333333332,127.0
44258.5,15.19642890824212,32.99314828713735,3.327320631345113,14.74844975107246,66.73020707401965,16.704756193242357,1.0,0.9944444444444444,128.0
44259.0,15.097960384686788,31.657651284005908,3.341577321953244,14.704584703031124,65.24627377574603,16.412071358567538,0.9722222222222222,1.0,129.0
44259.5,15.24770463572608,32.506022426817154,3.407112056679196,14.710093525383208,66.36346124476857,16.22512179625022,1.0,1.0,130.0
44260.0,10.194882649441974,21.392968710749926,2.095336097137382,9.326445083629288,43.42543592773662,27.15505469000061,0.5958333333333333,0.8097222222222222,131.0
44260.5,11.358045065185676,23.91207398843641,2.1246720548719167,10.462315184809269,48.33741077234865,23.304458146251893,0.8777777777777778,0.6291666666666667,132.0
44261.0,15.415084715684255,31.583343278037177,3.295261832078298,14.772191852796825,65.54005381776435,15.32445192994794,1.0,0.9791666666666666,133.0
44261.5,15.757712337705824,32.552063986990184,3.46394659280777,15.176176937090029,67.4117135024733,15.521528438526426,1.0,1.0,134.0
44262.0,15.608313604195912,31.515317437383864,3.4689189977116053,15.144061056214074,66.15442214486086,15.4007735690152,0.9194444444444444,0.9875,135.0
44262.5,15.320950289567312,31.832632025082905,3.46228363249037,14.826759069394836,65.92401292313977,16.041161120248287,0.9791666666666666,0.9847222222222224,136.0
44263.0,15.122809362411498,31.848867644204034,3.489334808455573,14.935739962073663,65.88749519170572,15.464852216076508,0.9222222222222224,0.9875,137.0
44263.5,15.62392361826367,32.091950779491,3.3831656747394137,14.758815493465711,66.38643798657382,14.981949749234726,1.0,0.8986111111111111,138.0
44264.0,12.037346543042151,25.01812739328317,2.5240373183015903,11.447997813399295,51.54305952780156,23.20942450912269,0.7125,0.8930555555555556,139.0
44264.5,15.316136059496138,31.75926535924276,3.328279723061456,14.665166619720145,65.60977220465946,14.78192493000627,0.8694444444444445,1.0,140.0
44265.0,15.571288492944506,31.76019653744168,3.4910815755526223,15.063796311616898,66.2573275162114,13.837435846674143,1.0,1.0,141.0
44265.5,14.539363924662272,30.81197953489092,3.3248340302043493,14.036661689405769,63.1642737755429,14.72771080232883,1.0,0.4986111111111111,142.0
44266.0,14.553061139583589,30.136165830824112,3.36130389769872,14.062268018325428,62.57442707048548,14.113608912192424,0.9861111111111112,0.2069444444444444,143.0
44266.5,15.06612670024236,31.83857701884376,3.5826185557577346,14.57064543457495,65.55834189678232,14.35130810946823,1.0,0.9777777777777776,144.0
44267.0,15.28208365837733,31.24000898996989,3.710599856906467,14.762744179528411,65.44265471746007,14.314604025268483,1.0,0.9097222222222222,145.0
44267.5,15.229792198869918,32.180432481235925,3.7775193638271753,14.845891060440852,66.55468962392123,15.131403216835803,1.0,0.9347222222222222,146.0
44268.0,15.2503962331348,31.341176080703736,3.8139835079511006,14.845489483575026,65.71394915067488,14.558767588560183,1.0,0.9791666666666666,147.0
44268.5,14.5622719473309,31.543737681706748,3.9596313264634873,14.94319332069976,65.45215576383958,13.987431583724987,0.8263888888888888,1.0,148.0
44269.0,10.213455662322747,24.21721008496566,2.7265522571798,11.001087101762986,48.60627991117007,21.69872753597832,0.0888888888888888,0.8625,149.0
44269.5,12.29694338109758,30.682953815990025,3.37737256553438,13.946831083359818,60.80364183061239,14.73027730570966,0.9513888888888888,1.0,150.0
44270.0,14.408370717366536,31.65404775407579,3.559990825917985,14.432057529656838,64.54742923905658,14.895382103180324,1.0,1.0,151.0
44270.5,14.523688883251614,31.4230856206682,3.412576909859975,14.12803883544301,63.98724452116451,14.827744987041733,0.9708333333333332,0.9888888888888888,152.0
44271.0,14.81653180387285,31.4564315504498,3.4773148364490933,14.49782933352722,64.77266774136159,15.029508306764612,1.0,1.0,153.0
44271.5,14.962898222605387,31.73048320876228,3.5618377712037828,14.567200599445236,65.32887737452984,15.328669327629951,1.0,1.0,154.0
44272.0,14.760935961206751,31.580435940292148,3.563097296158473,14.47935987074549,64.89366593734465,15.561090838953994,0.9944444444444444,0.9847222222222224,155.0
44272.5,11.986599358657582,25.66109295773009,2.6442377330631848,11.31960626615263,52.09613769507915,23.635651397206544,0.9402777777777778,0.6986111111111111,156.0
44273.0,15.185407784250048,31.99242612255944,3.686213959587945,15.039702224400308,66.42154511047734,15.003498889383518,1.0,1.0,157.0
44273.5,15.082250992457071,32.52055371337467,3.78745198779636,14.957543805200192,66.86392435924047,15.761894239187866,0.9611111111111112,1.0,158.0
44274.0,15.235268482897016,32.25546363194783,3.8606249226464167,14.957835238364837,66.80652962908563,15.144146266700613,1.0,0.9916666666666668,159.0
44274.5,15.313974636130864,32.896719148423934,3.91869803931978,14.94189758493772,67.62472034223481,15.604622177131594,0.9472222222222222,1.0,160.0
44275.0,14.854548519187505,31.27969846990373,3.8256461567348894,14.684654150184038,65.15284019222794,15.297115723938512,0.9916666666666668,0.9930555555555556,161.0
44275.5,14.50468524561988,31.83329731358422,3.785084907213847,14.358483915971334,65.03865009689989,16.976663198560658,1.0,0.9638888888888888,162.0
44276.0,14.79093542098999,31.57639193799761,3.855576805273692,14.365685032042933,65.09555697662937,17.937326145220432,1.0,0.9944444444444444,163.0
44276.5,14.117913722991943,31.544801908069186,3.9293499191602073,14.51426316071512,64.34920542209309,17.379484555335655,1.0,0.9916666666666668,164.0
44277.0,13.889438936445448,31.00170071654849,3.768918799029456,13.991022161542626,63.16896798600679,16.98616411054265,0.9916666666666668,1.0,165.0
44277.5,12.295037027432894,25.256126823503937,2.969447442014805,11.183278925336587,52.07302790454124,20.47583007467201,0.7097222222222223,0.8805555555555555,166.0
44278.0,15.626708636018964,32.21607767475976,4.087488020790948,14.48279528948996,66.85352622999085,16.996658026557835,1.0,1.0,167.0
44278.5,15.864286487632327,32.7001561721166,4.201267419921027,14.56848156592912,67.78983194968767,16.23293622394507,1.0,0.9847222222222224,168.0
44279.0,15.978473280535804,31.882692850960627,4.222525774108039,14.962089215053451,67.03734158774218,15.526957081366929,1.0,1.0,169.0
44279.5,15.065944788191054,31.39617354075114,4.13955446879069,14.195463608037162,65.14097743530809,16.92934663541519,1.0,0.9833333333333332,170.0
44280.0,11.546707347946034,24.040557710660828,2.982599303250512,10.39302388312709,49.368233469366615,27.937550172237675,0.6888888888888889,0.9236111111111112,171.0
44280.5,13.357083634121553,28.032497951471143,3.452869935375121,11.974541853955532,57.2375824331487,22.600872803641312,0.8277777777777777,0.9416666666666668,172.0
44281.0,7.541353519551569,16.2857842733378,1.5308837217702107,6.381743916180902,32.1417944412682,33.08476099294003,0.8458333333333333,0.2486111111111111,173.0
44281.5,15.443500524097018,33.04296747048696,4.134005332655377,14.010371101150913,67.09927908471889,18.23109693989071,1.0,0.9861111111111112,174.0
44282.0,15.524685940477584,31.89178076585134,4.081300644079844,14.25528805874702,66.15687740070538,18.017924091353127,1.0,0.9861111111111112,175.0
44282.5,15.285596266057755,33.15520051055484,4.104000099500021,14.101311506201617,67.1410651293428,19.528697995923583,0.9888888888888888,1.0,176.0
44283.0,14.586917422877418,30.65359754032559,3.958605725235409,13.788333714450264,63.409958773631054,21.552312559985765,1.0,0.9930555555555556,177.0
44283.5,14.2923768374655,31.927571908632917,3.976223068767124,13.852721962800327,64.55064260973272,20.77341232464925,1.0,0.9819444444444444,178.0
44284.0,15.286315064960055,31.615064062012568,4.03099718425009,14.19514270660778,65.588195175305,19.56697616386162,0.9888888888888888,0.9736111111111112,179.0
44284.5,15.011913957860736,33.42250877221425,4.026550365818872,14.198946289376666,67.21090475733702,19.601820021917128,1.0,0.9847222222222224,180.0
44285.0,11.990026100166142,25.2389017071161,2.9268925845416054,10.972191605879924,51.584244317062094,28.635579611542656,0.6986111111111111,0.8916666666666667,181.0
44285.5,15.01300214793947,31.999512283007306,3.687110708819495,13.75797556796331,64.96048693417171,19.317826483097846,1.0,0.8944444444444445,182.0
44286.0,15.346999649206795,31.867525029182435,3.900829447640313,14.104991268946064,65.71494164450301,18.90641465740381,1.0,1.0,183.0
44286.5,15.708000515566932,32.693183708190915,3.907140956984626,14.209548761612838,67.04145380606253,18.117503625724986,1.0,1.0,184.0
44287.0,16.209661508931053,32.69104430145688,4.013042559888628,14.6426533639431,68.06429742773373,18.517590349374903,1.0,1.0,185.0
44287.5,15.6740782406595,33.11401651435428,3.9457555532455446,14.38557505177127,67.66219608353244,19.317222055112275,1.0,1.0,186.0
44288.0,13.285808567868338,27.6445584250821,3.2737944414218267,12.26509683256348,56.95999226859874,26.257010573665067,1.0,0.7930555555555555,187.0
44288.5,9.26145643658108,21.04798167679045,2.022369855642318,8.335023496572912,41.18955890770562,35.87586602400914,1.0,0.3972222222222222,188.0
44289.0,15.860050898128083,32.53039770921071,4.062288064426846,14.62704107819332,67.58052690749368,19.65058846864651,0.9875,1.0,189.0
44289.5,16.95552716255188,33.4259526597129,4.098847208420436,14.645598156584631,69.66166600849894,19.464422713394477,0.9944444444444444,1.0,190.0
44290.0,17.769810518953534,33.003015886412726,4.17142687175009,14.738427981403138,70.17945272127787,19.333355792449595,0.9875,1.0,191.0
44290.5,12.805894690089756,27.529793679714203,3.199420835574468,11.745648012294744,55.79448310242862,32.162633301099774,0.7222222222222222,1.0,192.0
44291.0,15.945646554893916,33.52012577586704,4.264221930503846,14.95707141045067,69.18324737168021,18.409434262142085,0.9930555555555556,1.0,193.0
44291.5,15.130558466911316,34.26224595175849,4.280054814285702,14.65044293168208,68.91763090123422,17.296472444699447,0.9611111111111112,1.0,194.0
44292.0,15.47657310962677,33.91958709292942,4.263190836376614,14.68869629999002,68.94422991110218,18.100653856705318,1.0,1.0,195.0
44292.5,15.016056112448377,34.3140113486184,4.366565197043949,14.58262826320198,68.85417005932993,20.06284043637788,0.9819444444444444,1.0,196.0
44293.0,15.121742101510366,32.7160262770123,4.200338243113624,14.47800403825111,67.07508489216367,21.13409530267029,0.9833333333333332,1.0,197.0
44293.5,14.534348305066429,32.97486818101671,4.149640072716607,14.192760550737797,66.44708838836394,20.95618177215656,1.0,0.8097222222222222,198.0
44294.0,15.52612639400694,33.14132974147797,4.367876334985097,14.957463665803273,68.52689597871569,20.81977933973237,1.0,1.0,199.0
44294.5,15.46494725677702,33.92894082069397,4.425636310709847,14.799535453981823,69.20970821446842,21.028483331670497,1.0,1.0,200.0
44295.0,15.35789469745424,32.32887543042501,4.353543236520555,14.716447886162332,67.26131467852328,20.9773196686318,1.0,1.0,201.0
44295.5,15.238777237468296,32.98759588400523,4.514287899600135,14.559644137612649,67.79876515347925,18.612562326836184,0.9847222222222224,1.0,202.0
44296.0,15.038103008270264,32.30288724899292,4.453153631422254,14.522405854860942,66.84180313878589,21.44090143823696,1.0,1.0,203.0
44296.5,15.2256461236212,33.410664002100624,4.658437160650889,14.660706952048672,68.48953561666939,21.339540628517494,0.9847222222222224,1.0,204.0
44297.0,15.325492849614886,32.78774976465437,4.7004727602005,14.707693157676191,68.00875415744053,20.489296269179807,0.9944444444444444,1.0,205.0
44297.5,14.97243919240104,32.651903571022885,4.614507439401415,14.512734925250212,67.24697227825722,20.811506039816127,0.9916666666666668,0.9930555555555556,206.0
44298.0,9.760985914278878,20.915953168314363,2.590596067168129,8.796888202393893,42.47016195009799,27.090965629978896,0.3402777777777778,0.8222222222222222,207.0
44298.5,15.00320808092753,33.512684596909416,4.478551561302609,14.31409573422538,67.83582051992417,19.88162120852996,0.9875,1.0,208.0
44299.0,14.870622159375085,32.06848561498854,4.4407663742701216,14.24996735321151,66.11985126137733,19.57553775628166,1.0,1.0,209.0
44299.5,14.815226328372956,33.56975311438243,4.547575161192152,14.24404216375616,67.76808276739385,20.98592776298148,1.0,1.0,210.0
44300.0,14.757699513435364,32.342324471473695,4.523829415109423,14.238008729285664,66.37357029616832,22.798687005748494,1.0,1.0,211.0
44300.5,14.715726889504326,33.86387591626909,4.715383247534434,14.203188491861026,68.07979558606942,21.215301668572057,1.0,1.0,212.0
44301.0,14.755688018269009,32.349897805849714,4.610770858658684,14.27573595907953,66.48083201977941,22.38776620421184,1.0,1.0,213.0
44301.5,14.260243850284152,34.15036595662435,4.753718433115218,14.361338278982377,68.0607344839308,20.083538498511647,1.0,1.0,214.0
44302.0,14.676000006993611,32.51617457601759,4.647535337342156,14.268019060956108,66.6364028275013,20.50429933649841,1.0,1.0,215.0
44302.5,14.36790769232644,34.250789414511786,4.8130220399962536,14.526412944619857,68.49278620146215,20.290225373527115,1.0,0.9930555555555556,216.0
44303.0,14.754989936616685,32.826869405640494,4.726601502630445,14.361027458517087,67.19125020160443,19.11893157857308,0.9819444444444444,1.0,217.0
44303.5,14.130766342745886,33.77531208992004,4.79466421869066,14.391688091225094,67.55930341084799,22.42119773759608,0.9875,1.0,218.0
44304.0,10.961087138648145,25.62455648845579,3.3394386968083887,10.16374441561024,50.64903146455893,63.94058192070153,0.6944444444444444,0.7416666666666667,219.0
44304.5,6.553745020429293,13.156009013857693,1.376169066462252,4.887449040225611,26.394391446387814,18.04800864101193,0.2777777777777778,0.7444444444444445,220.0
44305.0,18.69168231752184,26.634895632002088,4.011312645011478,15.218216566111533,65.03155456503154,18.133087953085223,1.0,1.0,221.0
44305.5,18.310342971483863,27.8837131023407,4.227385550075107,15.450961540477389,66.33579964207634,19.295999760622166,1.0,0.9930555555555556,222.0
44306.0,18.34916386604309,25.82396462228563,3.970481190416548,15.135120592152978,63.763846854669424,20.787817317106704,0.9944444444444444,0.9513888888888888,223.0
44306.5,18.112060157457982,27.220328712463377,4.053664710786608,15.15251914160326,65.06928926206504,21.6114102897022,1.0,1.0,224.0
44307.0,19.021515850226084,26.595432668262056,4.129869989554087,15.5568733614352,65.77797057777643,22.76729823038213,1.0,1.0,225.0
44307.5,18.49203570153978,27.720873000886705,4.167543677488963,15.365674448758364,66.25727108261651,23.209589499696687,1.0,1.0,226.0
44308.0,18.446487945980497,25.61599605348375,4.014450045426687,15.156491105255464,63.663481412162696,24.140761318261244,1.0,1.0,227.0
44308.5,17.89426865842607,27.62207089530097,4.197883281442854,15.237313839020985,65.4355208968679,26.556601572278392,1.0,1.0,228.0
44309.0,18.260977244377138,25.89889801873101,4.043371911843618,14.923303059595089,63.60657655383871,25.33578293675915,1.0,1.0,229.0
44309.5,17.7837077776591,27.05218313005236,4.241267681121826,14.957058393698713,64.54959769885585,25.36467645752708,1.0,1.0,230.0
44310.0,17.754378986358642,27.05727751519945,4.2373264789581295,15.007161187122014,64.55611243412535,27.522794610828463,1.0,0.9791666666666666,231.0
44310.5,18.344992462793986,27.937109745873347,4.441216760211521,15.22190620176908,66.41039138177617,26.021374401585003,0.9847222222222224,1.0,232.0
44311.0,18.459235392676455,26.126077885097928,4.286378161112467,15.038809205259003,64.37895968208556,26.823564029053603,1.0,1.0,233.0
44311.5,17.66532816092173,26.72699537807041,4.304834377765656,14.58973527661308,63.82332750868146,29.10920756497972,1.0,1.0,234.0
44312.0,18.07734453943041,25.51251039505005,4.248926150798797,14.668915321626509,62.990949762726736,29.58288229283036,1.0,1.0,235.0
44312.5,17.720462046729192,27.198300080829195,4.514797931247287,14.898036896106593,64.78835471893383,27.839318900529385,1.0,1.0,236.0
44313.0,18.33035813967387,25.86423456403944,4.346953279442257,14.741456225855089,63.73234207035065,29.36278370303929,1.0,1.0,237.0
44313.5,17.916920534769694,27.13505159484016,4.53242904610104,14.709794259257617,64.75714645536823,26.34519092813176,1.0,1.0,238.0
44314.0,18.50784986813863,25.8463193098704,4.43828805287679,14.672713330638686,63.9148652453412,29.42993312561248,1.0,1.0,239.0
44314.5,17.953990830315483,25.658938238355848,4.368286654684279,14.24358272781117,62.71314058929824,28.43806380399091,0.9694444444444444,0.9166666666666666,240.0
44315.0,17.461411987410653,25.68746185832553,4.3956529113981455,14.496389914542346,62.62168839605972,26.411945379194545,1.0,1.0,241.0
44315.5,16.355733036994934,26.989503484302094,4.383772664599949,14.483764674426574,62.79928906840893,24.153419529619864,1.0,1.0,242.0
44316.0,16.38892622788747,25.87441669040256,4.130046810044183,14.513989039262135,61.46440643999312,24.928572250050475,1.0,0.9916666666666668,243.0
44316.5,16.20593167675866,27.13011825879415,4.165385495291816,14.62710022760762,62.63139415946272,24.23151664192648,1.0,0.9805555555555556,244.0
44317.0,16.58057900799645,25.684108803007337,3.864537201987373,14.660726632012262,61.26197702089946,24.1894601656322,1.0,1.0,245.0
44317.5,15.789977235264248,26.8934203253852,3.797358149952359,14.5471922242807,61.47738586705592,24.010963858030244,1.0,0.9347222222222222,246.0
44318.0,15.863081815507677,25.23501804139879,3.629119679662917,14.361284105976422,59.55501912799146,21.49533323004521,1.0,1.0,247.0
44318.5,11.39654897650083,17.622365544901953,2.2398062460952337,9.356672530414327,41.04564735794233,43.70182712820843,1.0,0.5013888888888889,248.0
44319.0,16.75930588034292,21.341556298132573,2.8708559232660464,12.143440113896377,53.56738330667722,25.709667619941328,0.7708333333333334,0.8722222222222222,249.0
44319.5,17.98803432120217,24.334716008769146,3.2738543225659265,13.35835312290987,59.432692876961504,27.956385859575686,0.8333333333333334,0.9736111111111112,250.0
44320.0,20.69740534491009,26.566531038284303,3.7320769521925183,15.453774482011797,66.84759225646654,22.104291895653947,1.0,1.0,251.0
44320.5,19.998720285627577,27.68835015826755,3.9317373500929937,15.587739537459695,67.68369981544092,21.13527686586199,0.9986111111111112,0.9583333333333334,252.0
44321.0,20.51399913628896,26.968658796946208,3.7690244634946186,15.671165706713994,67.41859039266905,22.53749866996868,1.0,1.0,253.0
44321.5,19.903418979379865,27.90174658563402,3.851881228552924,15.509443797440165,67.65419511706051,21.68032348615405,0.9847222222222224,1.0,254.0
44322.0,20.047989013459947,26.462621805402968,3.720312578148312,15.499769677635696,66.12169223287039,23.516337567432483,1.0,0.9680555555555556,255.0
44322.5,16.171754238692422,23.280234985948645,2.9871606514789164,12.53975436419973,55.3917999233947,23.53714080213376,0.8152777777777778,0.8083333333333333,256.0
44323.0,19.53460613621606,26.11751717991299,3.400825893878937,14.908251860013438,64.37125821868993,20.490494954311032,0.9555555555555556,1.0,257.0
44323.5,19.20353031953176,27.436867390738595,3.6324758993254767,15.031361282376908,65.74172572742746,19.614451990459155,1.0,1.0,258.0
44324.0,19.614028267065684,25.90498776965671,3.3620621230867176,14.69805861962757,64.10991413712092,19.3308778366495,1.0,1.0,259.0
44324.5,19.2266446352005,27.117687612109712,3.447005053361257,14.617387479327489,64.94744036639635,20.59708293656522,0.9097222222222222,1.0,260.0
44325.0,19.496566508875954,25.860886266496447,3.369510114192962,14.58494413414802,63.81481828013267,21.8200849813239,0.9791666666666666,0.9722222222222222,261.0
44325.5,18.811514802701947,26.591820978156715,3.5080352194286024,14.329033365683314,63.71903438281212,22.109601253559617,0.9986111111111112,0.9583333333333334,262.0
44326.0,19.56863669554393,25.396052434709336,3.4134512000613744,14.716386754077636,63.47090058866007,22.8252680469803,1.0,1.0,263.0
44326.5,18.57417714065976,26.817020342085097,3.560962908797794,14.572423763841089,63.92632434345255,22.86163410663828,1.0,0.9902777777777778,264.0
44327.0,19.41582390997145,25.29486016167535,3.4019627544615005,14.5295945967681,63.02615015031034,24.57166522918204,0.9458333333333332,1.0,265.0
44327.5,18.63093283971151,26.80232333607144,3.6922373480267,14.673998389264549,64.13105111945399,24.891625053649893,1.0,1.0,266.0
44328.0,19.40219937960307,25.309084192911783,3.4771002968152365,14.455056500985584,63.037459701188105,25.8009025388222,0.9888888888888888,1.0,267.0
44328.5,18.72943348619673,26.9566511048211,3.745268074671428,14.65196857370255,64.39885528402843,22.691155067986287,1.0,1.0,268.0
44329.0,19.73639572196537,25.515006849500868,3.6224049117830064,14.641610536660624,63.872186657143175,24.33908503807012,1.0,0.9861111111111112,269.0
44329.5,18.641668123669096,26.74826260142856,3.739852184719509,14.424158337319064,63.87213977436639,22.41178447438187,1.0,0.9694444444444444,270.0
44330.0,19.312760496139525,24.81405189832052,3.506291058328417,14.339853353963958,62.36022104521592,25.332581510849504,1.0,1.0,271.0
44330.5,18.53999348481496,26.267556211683484,3.6599435885747273,14.328064203510682,63.18122477556268,24.223635914405904,1.0,1.0,272.0
44331.0,19.5008233944575,25.05649248758952,3.5539452089203727,14.416451969659343,62.957764437711255,24.042612795647013,0.9777777777777776,1.0,273.0
44331.5,19.129642584588797,25.81874401304457,3.6703122867478255,14.26050006264769,63.36260302710192,21.924611439881684,1.0,1.0,274.0
44332.0,14.14795970004828,17.74810852529481,2.367131366428091,9.838051922195074,44.490310999585525,19.51951350155996,0.7027777777777777,0.6944444444444444,275.0
44332.5,17.07344315979216,23.38481982300679,3.0202290907502176,12.758929288032878,56.6307034895419,22.293512053070778,0.9208333333333332,0.7819444444444444,276.0
44333.0,20.23155754407247,25.964770539601645,3.540999631086985,15.223010157752368,65.30888642788761,21.801946363167943,1.0,1.0,277.0
44333.5,19.756884772247737,27.777445194456316,3.8468844612439472,15.339206117686505,67.02685294511934,19.515915190038683,0.9888888888888888,0.9263888888888888,278.0
44334.0,20.442590398258638,26.09777306980557,3.6111703462070888,15.231816585504244,65.72482734220878,21.19800303726806,0.9763888888888888,0.975,279.0
44334.5,20.01278734472063,28.266021050347224,3.939419378174676,15.638376921456722,68.14561495453947,16.871575578119536,1.0,0.9819444444444444,280.0
44335.0,20.522589181529156,26.433385377460056,3.690925121307373,15.37890119900306,66.35183225025733,20.317740545029128,1.0,1.0,281.0
44335.5,19.48710482650333,28.358983776304456,3.937418848938412,15.598543952995293,67.58457873042465,19.005184853887773,0.9819444444444444,1.0,282.0
44336.0,20.469775675402747,27.12447230021159,3.934627041551802,15.486322234902117,67.36405918349823,21.11274704488688,1.0,1.0,283.0
44336.5,20.107018585999807,27.22978729142083,3.8810863071017794,15.345992719464832,66.96109881202379,19.917623042863603,1.0,1.0,284.0
44337.0,20.79466727044847,25.2845490137736,3.709019018544091,15.01033206519464,65.33108233349502,20.377111012923397,0.9847222222222224,1.0,285.0
44337.5,20.289609724945493,26.87674656444125,3.8368053873380026,15.107279253709647,66.58479227030443,19.779002388423628,0.975,1.0,286.0
44338.0,20.883218100335863,25.955414459440444,3.779701538880666,15.217119220230314,66.27498302790853,20.87259718932045,1.0,1.0,287.0
44338.5,20.16576249467002,26.82400512165493,3.8845905039045543,15.000514796872933,66.39461327211724,20.051279697951383,1.0,1.0,288.0
44339.0,20.278548272450767,26.15717856619093,3.782429532210032,15.079229314128558,65.72073905898465,21.894492362828927,1.0,1.0,289.0
44339.5,19.58692630926768,27.440109909905328,3.9648006942537095,15.119303716801936,66.47928742327623,19.48332063385491,1.0,1.0,290.0
44340.0,14.890685400880304,19.553464946222245,2.6090235059059017,10.957227901082822,48.39474734507159,21.08231391938249,0.6680555555555555,0.7319444444444444,291.0
44340.5,-0.7341983608073659,2.170132207215566,-0.3513282799472411,-1.919905684817928,-0.547303089256113,0.0001947048769787,0.0,0.0,292.0
44341.0,9.818451277414958,11.942502485960722,1.131693680832783,6.039603290489423,29.24930291534905,30.31175531417752,0.2708333333333333,0.4416666666666666,293.0
44341.5,17.537484057744344,24.698325912157696,3.0949333879682754,13.05996912618478,58.70543944206503,21.02054126661976,1.0,0.9055555555555556,294.0
44342.0,20.165445436371694,25.21258657773336,3.362996877564324,14.229414675175374,63.312970920608336,19.674252007119875,1.0,1.0,295.0
44342.5,18.43553779522578,27.471230996979607,3.563128321700626,14.19996533683637,63.95795112873149,17.67735438934479,0.9,0.9138888888888888,296.0
44343.0,19.45032977792952,26.114120165507,3.6709898948669433,14.786629352079762,64.36426436481237,18.67983515444772,1.0,0.9833333333333332,297.0
44343.5,19.72895530064901,27.05953443315294,3.858330660396152,14.810499641382032,65.84195977424582,18.776552712033595,1.0,1.0,298.0
44344.0,20.307543558544584,25.97296675576104,3.6980212648709614,14.943070465181435,65.31437425532688,19.027113302283816,0.9805555555555556,1.0,299.0
44344.5,19.081457500987582,27.102297035853063,3.844895352257623,14.671702662123913,65.07946960960528,21.025441661816156,1.0,0.9569444444444444,300.0
44345.0,19.72561899820964,25.52593381139967,3.694959542486403,14.672926085318249,63.96472401068455,22.060327615547344,0.9861111111111112,1.0,301.0
44345.5,18.621176301108463,26.98560684521993,3.893187631501092,14.682378620252226,64.5084008505065,23.33955582783661,1.0,1.0,302.0
44346.0,19.431704166200426,25.812363815307616,3.775607832272848,14.627349443570388,64.01718382901842,24.34023782168589,1.0,1.0,303.0
44346.5,19.232463426060143,26.664039664798317,3.975839331414965,14.581880846574334,64.84857014711145,24.22843382418364,1.0,0.9777777777777776,304.0
44347.0,19.75177731513977,25.146429369184705,3.6678087724579695,14.553278552475806,63.5114236225518,23.447716063897914,0.9805555555555556,1.0,305.0
44347.5,18.91033132341173,26.062620433171592,3.8408630159166126,14.34852632261916,63.61717634443711,24.819100976197912,1.0,1.0,306.0
44348.0,19.69186402691735,25.21177234119839,3.717238676548004,14.442661194492798,63.50467991877538,22.7774679981549,1.0,1.0,307.0
44348.5,19.0399906343884,26.14519951078627,3.958305570814344,14.320253822836012,63.89982142213258,22.577364838611103,0.9986111111111112,1.0,308.0
44349.0,19.18691569699181,24.19890503353543,3.649372123347389,14.03982094667024,61.46224758500854,23.7656722546054,1.0,1.0,309.0
44349.5,18.72229626443651,25.88254058625963,3.938176789548662,14.11811515281184,63.05996284275833,23.808111813755332,1.0,1.0,310.0
44350.0,19.278350761201647,24.44713679419624,3.763920590612624,14.097614645295671,61.9848295337624,23.449613477156365,1.0,1.0,311.0
44350.5,18.074721270137363,25.0633067395952,3.7986419611506994,13.625271113848108,60.94891765396007,24.308799851374904,1.0,1.0,312.0
44351.0,18.08114688065317,21.89146008756425,3.30927873717414,12.66278133235044,56.353517770518856,25.167850354161203,1.0,0.8875,313.0
44351.5,13.52515101366573,17.574094809426203,2.354740673965878,8.88334396887674,42.72974030649186,38.80528867295341,0.5305555555555556,0.7722222222222223,314.0
44352.0,20.52013632853826,26.437553628285727,4.06168127324846,14.92304203278618,66.35217707720197,20.88869011294889,0.9833333333333332,1.0,315.0
44352.5,19.255871370103623,27.56810476515028,4.129069472683801,14.809026415811644,66.12834694749779,21.69366526674172,1.0,1.0,316.0
44353.0,20.203164622518752,25.654044119517007,3.942801825205485,14.894164702181136,65.03180733477153,21.804358970696534,1.0,1.0,317.0
44353.5,19.213416081004677,27.085269435246783,4.163027056058248,14.682944556878,65.43962036451299,22.110899461723264,1.0,1.0,318.0
44354.0,20.06483687294854,25.597891733381484,4.04924273358451,14.695593411042744,64.72626832026354,21.582226608100093,1.0,1.0,319.0
44354.5,19.06309638818105,26.937253130806816,4.170875783761343,14.514375567791449,64.9750368943058,22.965190013125746,1.0,1.0,320.0
44355.0,19.953541747728984,25.71024557219611,4.014655729134877,14.632294435403956,64.66328584396396,21.98473292259712,1.0,1.0,321.0
44355.5,19.40939538213942,26.515171008639864,4.138126349449157,14.37066310490045,64.78774114295715,22.35556614556073,0.9763888888888888,1.0,322.0
44356.0,20.2455160829756,25.16501234372457,4.0184823062684805,14.606115557403085,64.42546722390657,22.174922883263125,1.0,1.0,323.0
44356.5,14.743890418277848,19.517459774017333,2.7387614256805843,10.029649246280153,47.38087152164323,34.46293797100203,0.9875,0.5388888888888889,324.0
44357.0,20.8514555811882,26.293440108829078,4.243016676108042,14.97616067259676,66.69278513785038,21.846954891503074,1.0,1.0,325.0
44357.5,20.49812905523512,27.564703109529283,4.505089398225149,14.925034635969334,67.80571403540671,21.9346707606501,1.0,0.9763888888888888,326.0
44358.0,21.188997038205464,26.63916710217794,4.347952751318614,15.20600126451916,67.71023690568076,21.57755876571045,1.0,1.0,327.0
44358.5,20.420696698294744,27.93184809684753,4.552721203698052,15.203191937671768,68.37190918690628,21.52208650621336,1.0,1.0,328.0
44359.0,20.858069704638588,26.281895457373725,4.291041168901655,15.19360528588295,66.91726353632079,21.8936593513575,1.0,1.0,329.0
44359.5,20.123195380634733,28.02264654901293,4.522751565774282,15.189507913092772,68.12718499584331,21.1267258450195,1.0,1.0,330.0
44360.0,20.814133625560338,26.587113661236238,4.312080501185523,15.161501933468712,67.18894775840971,17.380407987326226,1.0,1.0,331.0
44360.5,20.21617398262024,27.792701546351115,4.480195354090797,15.046471450970664,67.78122089264733,14.581892984114264,1.0,0.9847222222222224,332.0
44361.0,20.853621039125656,25.8390543990665,4.156502911779616,14.91004070457485,66.06032418029176,18.657685956916264,1.0,1.0,333.0
44361.5,20.377596905496382,26.68477959632873,4.401044011116028,14.727832557757695,66.5095733847883,20.490982306802078,1.0,1.0,334.0
44362.0,21.006820085313585,25.37069454193115,4.23017460902532,14.73280226762096,65.77795628284414,21.274441085073605,1.0,1.0,335.0
44362.5,19.88893871837192,26.86901310814752,4.427991420692868,14.737167915039592,66.2362948672639,20.62003151319685,1.0,1.0,336.0
44363.0,20.56463136275609,25.86552996105618,4.301946026749081,14.88208635420435,65.94840654039548,21.73593508048247,1.0,1.0,337.0
44363.5,19.76217159297731,27.541857470406427,4.522511871655782,15.17685491376453,67.18052857584424,20.4949550678976,1.0,1.0,338.0
44364.0,20.53842764695485,25.00936079555088,4.172215592861176,14.90409507332127,64.92976415665164,21.9321991285903,1.0,1.0,339.0
44364.5,18.161881269348992,27.072361993789677,4.3749756879276696,14.87901008223384,64.59345794215689,21.40986122559703,1.0,0.9625,340.0
44365.0,18.859148608313667,25.168578714794585,4.110886742009057,14.643148227631013,63.04741869644883,21.333593141961583,0.9180555555555556,1.0,341.0
44365.5,18.43770772351159,27.017416954040527,4.356650728649563,14.838070812567498,64.84356680718835,21.60161716766109,1.0,1.0,342.0
44366.0,19.35154600408342,25.703938886854385,4.199460540877448,14.940128863819538,64.457384019065,21.79150546560373,1.0,1.0,343.0
44366.5,17.85020108487871,26.300798824098376,4.074740196598901,14.364913075207731,62.755647149058575,21.942374185688955,0.9694444444444444,0.9541666666666668,344.0
44367.0,18.440406131744385,24.433072953754,3.7995392945077686,14.166227968368265,61.121466631193954,21.778715706778677,1.0,0.9944444444444444,345.0
44367.5,14.211341084374322,20.485778840382896,2.780014772878753,10.639504875077142,48.32151609493626,33.20944812623528,1.0,0.6138888888888889,346.0
44368.0,19.237370551957024,25.89320222536723,3.949231776926253,14.769243180597307,64.1291226743107,20.111499929504884,0.9708333333333332,1.0,347.0
44368.5,18.723053680525886,26.907876788245307,4.054524132940505,14.622285705497616,64.5983090669156,19.733647862919803,1.0,1.0,348.0
44369.0,19.127596338589985,25.612386835945976,3.884564265939925,14.699852106566729,63.60522108104047,19.488239402688794,1.0,1.0,349.0
44369.5,18.239425139957003,26.71708477338155,3.990281024244097,14.455073491606932,63.62078929199824,19.79988517735317,0.9763888888888888,0.975,350.0
44370.0,19.18420775996314,25.446003177430896,3.8677848789427016,14.5698512754112,63.328849747571965,19.89344031145123,1.0,1.0,351.0
44370.5,18.2634302271737,27.09622496498956,4.026450247234768,14.573772759452307,64.09689210840216,19.028451600964004,1.0,1.0,352.0
44371.0,15.623868403832118,20.62682677242491,2.903814044263628,11.435686144356929,50.84739449202186,35.60338782975652,0.6791666666666667,1.0,353.0
44371.5,17.782752956284416,24.38612213399675,3.440387127465672,12.674914535942175,58.41448866499381,25.928532470324097,0.7916666666666666,1.0,354.0
44372.0,21.133811650011275,26.03630822499593,3.8302152315775553,14.81454202557086,66.07278868712795,18.4422143105312,1.0,0.975,355.0
44372.5,19.88709166447321,28.020353274875216,4.273596971564823,15.257599347816884,67.52945035098689,19.263844510048543,0.9847222222222224,1.0,356.0
44373.0,21.669204803307853,26.94842046101888,4.15588237841924,15.160518597728675,68.17052814347876,18.491105502181565,1.0,1.0,357.0
44373.5,14.347742068519194,21.035945365839225,2.9840993579890998,10.626766853465233,49.02747605864036,30.25931039917044,0.6513888888888889,0.8055555555555556,358.0
44374.0,20.487565757168664,26.12027740478516,3.74067993428972,14.78221209657689,65.36518749077287,16.31483661086772,0.9222222222222224,1.0,359.0
44374.5,19.876247884167565,27.73395267062717,4.005960949261984,15.093922403703134,66.83571759520305,17.365615362520078,1.0,0.9777777777777776,360.0
44375.0,20.685970897144745,26.43422574467129,3.881850859853957,15.028907924993998,66.25139278912296,15.533584569547765,1.0,0.9847222222222224,361.0
44375.5,20.102699032094744,28.581514067120025,4.11387009885576,15.472707147565153,68.2980791984333,18.248417151695552,1.0,1.0,362.0
44376.0,20.623733105924394,26.870942306518558,3.930346537960901,15.155524419022388,66.74762382203286,19.24436411098915,0.9805555555555556,1.0,363.0
44376.5,19.766717706786263,28.67056626213921,4.205277073383331,15.335116492853397,67.99503631374488,19.112592033879537,1.0,0.9736111111111112,364.0
44377.0,20.6751982887586,26.904819022284613,4.00328874985377,15.12215525392029,66.88427684522337,19.64770274555043,1.0,1.0,365.0
44377.5,19.142892926269106,28.45334762202369,4.2050233417087135,15.298895815718506,67.09640152425402,19.17916671703602,0.9597222222222224,1.0,366.0
44378.0,20.46696273883184,26.46099524497986,4.021399327119192,14.973181278569005,66.08875385959529,19.63812398839848,0.9847222222222224,1.0,367.0
44378.5,20.21471418407228,28.345152166154648,4.3425281948513454,15.304358769456543,68.25767670306894,20.31272205634227,0.9625,1.0,368.0
44379.0,18.28169082096881,22.47950943406257,3.352838283280532,12.74972132763101,57.13642126040326,29.15453564829202,0.8027777777777778,0.8305555555555556,369.0
44379.5,16.11838506890668,21.54738420910305,2.857518121269014,11.453102212968384,52.19025875775972,29.60962775267252,1.0,0.6819444444444445,370.0
44380.0,20.692164390616945,26.427382373809813,3.818890991475847,14.876079207244846,66.08589073974225,18.93754059050404,0.9875,1.0,371.0
44380.5,19.67897066010369,26.995966566933525,3.9144972615771834,14.720059304254958,65.52853299195671,18.972739367937965,1.0,0.9027777777777778,372.0
44381.0,20.65502026610904,26.288453123304578,3.9550067716174655,14.887107220674968,66.05651998988664,18.59219938273225,0.9847222222222224,1.0,373.0
44381.5,19.556372057067023,27.84871336619059,4.167939367559221,15.062502084920803,66.8347305868235,19.96189980184782,1.0,1.0,374.0
44382.0,20.1040595597691,26.54270512792799,3.9231882784101697,14.85066113122092,65.69188049549315,19.06457007681013,0.9569444444444444,1.0,375.0
44382.5,19.410662462976244,28.150944089889528,4.189089561833276,15.035181185960148,66.95058565407267,19.20385138415628,0.9972222222222222,0.8930555555555556,376.0
44383.0,20.20267983145184,26.680576610565183,4.090160828166538,14.922632021249996,66.12980513957639,19.846504321156115,1.0,1.0,377.0
44383.5,19.49109244479073,28.671874554951987,4.31131341987186,15.180495983196629,67.72122035870949,20.101933290085785,1.0,1.0,378.0
44384.0,18.235407246483696,23.95631379153993,3.6070402138763,13.261924991922246,59.236574377533465,23.285838845585086,1.0,0.8180555555555555,379.0
44384.5,16.59838050802549,24.312302549680076,3.4227744970056744,12.631148178978927,57.000381653445466,28.774804823160714,1.0,0.7319444444444444,380.0
44385.0,18.77609835796886,24.716212386555146,3.736995840072632,13.784078391914957,61.174691526617,21.85566434077276,0.8291666666666667,1.0,381.0
44385.5,13.88281973335478,20.817104297214083,2.808582283390893,10.30966616369163,47.83988947467879,30.104962924678496,0.5333333333333333,0.9736111111111112,382.0
44386.0,20.58366914855109,27.53082067171733,4.318380456500583,15.453331301609674,67.9598822467857,19.99285154468703,1.0,0.9972222222222222,383.0
44386.5,19.83301556242837,28.49860029220581,4.305492309729258,15.125892474450584,67.86840618537325,20.398495101931186,1.0,0.975,384.0
44387.0,20.40110374954012,27.24461530579461,4.338504336939918,15.310321306369993,67.43180104280408,21.217410306574056,1.0,0.9680555555555556,385.0
44387.5,20.172997058762444,28.685163323084517,4.4676741507318285,15.328677047814969,68.74692269847728,20.14044495762515,1.0,0.9319444444444444,386.0
44388.0,19.00487530562613,24.407521849208408,3.714401419295205,13.563462079974771,60.89630130338612,22.487897889977965,1.0,0.6861111111111111,387.0
44388.5,14.644881541861428,21.69636874596278,2.8431631637944115,10.768238371517509,49.97161038574866,29.744508115138565,0.9888888888888888,0.4736111111111111,388.0
44389.0,20.673975716696845,28.080139769448174,4.360125642352634,15.380017883578937,68.61291600763798,19.175978666991156,1.0,1.0,389.0
44389.5,19.58255408075121,29.187715238995025,4.390212236510383,15.392796832157506,68.57939273168644,21.11770203131669,1.0,0.9916666666666668,390.0
44390.0,20.65141561296251,27.61498210695055,4.343611547682021,15.302292444970872,68.09032971594068,20.745978028635463,1.0,1.0,391.0
44390.5,20.098232837518054,28.478988366656832,4.506994357373979,15.316629375682936,68.53944541381465,21.090624004427568,0.6208333333333333,1.0,392.0
44391.0,20.276143689950302,27.068700154622395,4.37446806828181,15.097953525351151,66.99946662369702,20.127734220971192,1.0,1.0,393.0
44391.5,19.370126167933147,28.656872834099666,4.443301377031538,15.011858905686273,67.57646281189389,20.224659821809123,1.0,1.0,394.0
44392.0,20.28434884018368,27.03746592203776,4.23031040430069,14.8352101377315,66.54323283549812,21.558787656118813,1.0,1.0,395.0
44392.5,19.12613650427924,28.67711104287041,4.376309099462297,15.031372861067457,67.23441885577307,21.44342781019669,1.0,1.0,396.0
44393.0,19.987058072619966,26.92999424404568,4.178363899389903,14.868325190411674,66.10324247479438,21.555525800301552,1.0,1.0,397.0
44393.5,19.40056801372104,28.643555704752604,4.3957393513785465,15.03206730098399,67.46070732220218,20.4964089632408,0.9513888888888888,1.0,398.0
44394.0,20.75061124563217,27.423734373516503,4.43675670226415,15.12506034340606,67.86827419432811,20.587377067023365,0.9888888888888888,0.9736111111111112,399.0
44394.5,19.206496601634555,28.5690876060062,4.23678971529007,14.790216090340012,66.75267460948089,20.13444944950862,0.8152777777777778,0.9611111111111112,400.0
44395.0,12.520783978038365,16.47809901502397,2.021469889746772,8.103369913539952,39.24211856296493,45.00657268719689,0.0,1.0,401.0
44395.5,7.835252110825644,13.09403476715088,1.6852971374988557,5.234823017036413,27.77908473317705,93.22524947125892,0.0125,1.0,402.0
44396.0,13.426500349926451,16.872209136105248,2.322412337424854,8.552102599379658,41.272836289049074,40.39338513595096,0.6486111111111111,0.6652777777777777,403.0
44396.5,20.26854417456521,29.5086613284217,4.485006667508019,15.17068327864011,69.47671391235457,17.343641516435437,1.0,1.0,404.0
44397.0,20.798276691966585,28.06145827505324,4.429447317123413,15.25241596168942,68.70314475430382,17.306121895740258,1.0,1.0,405.0
44397.5,17.377039539762254,26.137670944227526,3.751851092403134,12.87002286826739,60.15073585759189,21.94357056755004,0.7416666666666667,0.9027777777777778,406.0
44398.0,17.53932208229477,23.954614200939734,3.292635863346772,12.294193974015716,57.25039208170492,24.761950602484312,0.6611111111111111,0.9333333333333332,407.0
44398.5,19.72649910714891,29.07112995253669,4.047908539242215,14.738454448333425,67.63450253587733,16.671078333449945,1.0,0.975,408.0
44399.0,20.23107847240236,27.588350179460317,3.969262929757436,14.57777556560468,66.45913720377979,17.717841708325196,0.9805555555555556,0.9791666666666666,409.0
44399.5,19.56733464797338,28.807249233457775,4.045286504427592,14.561925184395578,67.12089977231291,17.435583753419447,1.0,1.0,410.0
44400.0,20.240515299638112,27.29918214480082,3.955063554975722,14.440567228115269,66.17265647475918,17.645024596632748,1.0,0.9763888888888888,411.0
44400.5,19.41918578677707,28.646358060836796,4.156066968705919,14.497608716578949,66.82247031724287,17.827945667415065,0.9583333333333334,1.0,412.0
44401.0,19.774794396836835,27.18534458462817,4.006994726263266,14.235882838560403,65.37995477301239,18.17281038660535,0.9986111111111112,0.9833333333333332,413.0
44401.5,18.010448129971824,27.438191233740916,3.861059436533186,13.637244873717686,63.01188902736564,19.98231953259219,0.6166666666666667,1.0,414.0
44402.0,19.879353467623396,27.09961400032044,3.95695647266176,14.229702394751884,65.41553372430951,18.972877723745697,0.9722222222222222,1.0,415.0
44402.5,19.08008666562437,28.67793173120151,4.183657046650978,14.4738564892948,66.5077326842023,19.068213364105087,0.9986111111111112,0.9986111111111112,416.0
44403.0,19.504418863190544,26.94804205364651,3.942563707298703,14.10303050626923,64.812063077585,19.17979622438173,0.9652777777777778,0.9263888888888888,417.0
44403.5,19.26936117675569,29.21705912484063,4.27210429377026,14.493643607116407,67.38851092002459,19.15012783662724,1.0,1.0,418.0
44404.0,19.780401966306897,27.607836235894094,4.175452676084307,14.412871983192034,66.19343072163562,19.844992134657648,0.9805555555555556,0.9930555555555556,419.0
44404.5,14.136521084316902,21.906995678776163,2.993809192855325,10.0128748355304,49.07825600368055,27.601537370274603,0.8458333333333333,0.5527777777777778,420.0
44405.0,19.97350667582618,28.898497978846237,4.259261357784271,14.794259663417728,68.05899559656261,17.19930024474622,1.0,0.9805555555555556,421.0
44405.5,19.329198659790887,30.253341886732315,4.4187190969785055,14.912876770893734,68.94513244960044,17.95242712010321,1.0,1.0,422.0
44406.0,19.97541027334001,28.87536232736376,4.383190504709879,14.770800763078862,68.18482493066954,18.66412494721556,0.9819444444444444,1.0,423.0
44406.5,19.42681367794673,30.19787556330363,4.515252572960324,14.969290450546476,69.1124757097827,18.302910332737607,1.0,1.0,424.0
44407.0,20.027396341164906,28.3996409840054,4.398882673846351,14.538810739086736,67.53902288658752,19.60089645920519,1.0,1.0,425.0
44407.5,19.240532002184125,30.12122778892517,4.573435204558902,14.812926192747222,68.77543072534932,19.74960853161874,1.0,1.0,426.0
44408.0,20.02346269157198,28.80022519959344,4.493159613344404,14.64966959125466,68.0868985172775,19.503968124798057,1.0,1.0,427.0
44408.5,19.601479989952512,30.08644682566325,4.603655420409309,14.717526270283592,69.02768706348208,20.246988750374665,1.0,0.9777777777777776,428.0
44409.0,19.738305566045973,28.42314757770962,4.630494838290744,14.637967419438064,67.56510831761277,20.931739786359135,0.9833333333333332,1.0,429.0
44409.5,18.695992562505936,30.31146896680196,4.634936014811198,14.896459279457728,68.54101242290602,20.79383569140025,1.0,1.0,430.0
44410.0,19.685006341669293,28.609647268719144,4.452700116899279,14.599373307492998,67.5241662091679,21.13934498399792,1.0,1.0,431.0
44410.5,19.669081429640453,30.301537958780923,4.444759856330024,14.793148655692736,69.18621138367388,21.167697721071686,1.0,1.0,432.0
44411.0,20.36989125675625,27.834441979726154,4.217956390645769,14.101851789270423,66.67294835128511,20.849106342852963,0.9930555555555556,1.0,433.0
44411.5,19.306688068972694,28.239598920610216,4.297917583253649,13.541869011544623,65.50719068615646,20.89320948904986,0.9222222222222224,1.0,434.0
44412.0,19.796493265451865,27.10107897983657,4.229390423905311,13.90948899175144,65.22817201225294,20.47819355641592,0.9847222222222224,0.9847222222222224,435.0
44412.5,2.7345939566782262,10.162086410459596,0.3706346196280922,1.2193279921355296,14.57371776243219,27.090547622953142,0.3472222222222222,0.0138888888888888,436.0
44413.0,19.44547919034958,27.29732002152337,3.634953143861559,13.66585574015561,64.26199280551324,19.52060060639916,0.9875,0.9944444444444444,437.0
44413.5,20.20337962574429,29.65629215770297,4.061644058757358,14.29711534142908,68.31237696369902,18.45169697680702,0.9819444444444444,1.0,438.0
44414.0,20.763906452390884,27.76233157051934,3.816487993134393,13.85651633216702,66.45630843116604,19.98460615927906,1.0,0.9013888888888888,439.0
44414.5,20.432061241732704,29.93738086488512,4.040115662415823,14.264982286757894,68.80240276091628,20.48315474380562,1.0,1.0,440.0
44415.0,20.991477285491097,28.384280082914565,4.005247553189595,14.129964658721454,67.80775239709764,19.87708442013872,1.0,0.9875,441.0
44415.5,20.68805754052268,29.806073824564617,4.179989322026571,14.27465065618356,69.15198039644294,19.17597856772054,1.0,1.0,442.0
44416.0,20.95184410545561,28.307156462139552,4.036798071861267,14.167245725459525,67.75757053262657,19.35958661833589,0.9888888888888888,1.0,443.0
44416.5,19.54413424200482,30.19437789387173,4.252805236975352,14.199118634189167,68.36165514004728,19.890526454904048,0.9875,1.0,444.0
44417.0,19.83066713809967,28.53538729879591,4.051168925232357,14.105787430062062,66.7620987486715,20.45981360775021,0.8638888888888889,1.0,445.0
44417.5,19.51880275938246,30.47792806095547,4.267143528991276,14.45111500389046,68.90030253165298,20.612742471496247,1.0,1.0,446.0
44418.0,21.103403968281217,28.936365360683865,4.10363245540195,14.236182537674903,68.63582957684994,20.536906884355265,1.0,0.9791666666666666,447.0
44418.5,20.351622074180177,30.45987360212538,4.158782060941061,14.35227458026881,69.45205342187029,20.48343612052772,0.9583333333333334,1.0,448.0
44419.0,21.200468858083088,28.8348862806956,4.020052178038491,14.266944755613803,68.60107444276413,19.54557649253537,0.9791666666666666,0.9513888888888888,449.0
44419.5,19.433322673373752,29.60160416497125,3.990716109010908,13.985630465547244,67.16174949175782,21.7240491974768,1.0,0.9944444444444444,450.0
44420.0,16.48794122338295,23.789800136619142,3.092066240310669,11.293564956552451,54.94213270197312,27.985938577396876,1.0,0.7027777777777777,451.0
44420.5,18.379476320081288,27.657559467686543,3.5730569885836707,12.92507728688199,62.70966105546169,23.577348406303027,0.8736111111111111,0.85,452.0
44421.0,21.507854812675053,29.62488067415025,4.15507130490409,14.849666921959985,70.38044310675727,19.424029323528405,1.0,1.0,453.0
44421.5,20.53845538430744,31.11081487337748,4.241083642509248,14.843525737524033,70.84836307035552,19.91206261881168,1.0,1.0,454.0
44422.0,21.34278353320228,29.8684581067827,4.217127815882365,15.07240102092425,70.67885163625081,19.954818731185185,1.0,1.0,455.0
44422.5,20.78663734065162,31.477517096201577,4.303953535689248,15.00596187710762,71.66551571885745,20.05526252545633,1.0,0.9819444444444444,456.0
44423.0,20.19498213926951,30.56364601188236,4.406015046437582,15.17439342505402,70.47157330016294,19.25526946433121,0.9819444444444444,1.0,457.0
44423.5,19.496176430914137,32.12892849180434,4.537778551048703,15.411072203185824,71.62944571375847,19.734201922982315,0.9847222222222224,1.0,458.0
44424.0,19.98569673299789,30.161770635181004,4.323403762446509,15.135223618646462,69.84490544282728,19.15304026558868,1.0,0.9638888888888888,459.0
44424.5,19.08528103033701,32.10251336097717,4.499466603332095,15.35493364168538,71.114262756043,19.218523125929984,0.9819444444444444,1.0,460.0
44425.0,19.92620491584142,30.12183197604285,4.294826002253426,15.169831343160736,69.73487143350972,19.00833267237426,1.0,0.9652777777777778,461.0
44425.5,20.000543026129403,31.271558939086063,4.255536031723023,14.855170193314551,70.59302880134848,19.874831781781936,1.0,1.0,462.0
44426.0,21.67559225824144,29.439382637871635,4.09329592121972,14.683372295896213,70.19603184892071,18.630052554200617,1.0,0.9694444444444444,463.0
44426.5,19.366786444187163,30.418496486875743,4.133829445309109,14.461302656469504,68.54832989030854,20.16415232331641,0.9194444444444444,0.9625,464.0
44427.0,21.336942301856148,29.52592842049069,4.1158513724803925,14.509354844358231,69.77339420451058,19.089007666486165,0.9972222222222222,1.0,465.0
44427.5,20.59162633551492,31.2810082382626,4.199116675059001,14.592327664295832,70.76834976341989,20.183001304191706,1.0,1.0,466.0
44428.0,21.453051176336075,28.856752930747135,3.999376520845625,14.26394364207776,68.85007573932202,18.9548992823629,0.9208333333333332,0.9583333333333334,467.0
44428.5,20.356739506456588,30.61334154340956,4.107495313220554,14.34736672790928,69.50406270575606,19.920378789371988,0.8138888888888889,1.0,468.0
44429.0,21.79155811336305,29.322943878173827,4.10103336903784,14.53615924252404,70.06318637066417,19.3571844958849,1.0,1.0,469.0
44429.5,20.21085108651055,31.15238449573517,4.216734266281128,14.56139974592564,70.1769139157246,20.0002984490028,0.9402777777777778,1.0,470.0
44430.0,21.20537214279175,29.634339353773328,4.212138474649853,14.496264699432585,69.7622680677308,19.27638233356277,1.0,1.0,471.0
44430.5,20.279832842614915,30.0538168085946,4.028114306926727,14.10466595855024,68.62681632075045,19.99435319494953,1.0,1.0,472.0
44431.0,15.274290515068504,22.55304466146562,2.901799136069086,10.350009599271129,51.28158572641616,18.51460974887856,0.7458333333333333,0.7,473.0
44431.5,5.556474947308501,9.710209883416931,0.7159228740466965,2.3473069226576224,18.5109201831522,25.17629473979223,0.4513888888888889,0.1694444444444444,474.0
44432.0,17.791260929260815,24.04953261406885,3.019376138287286,11.21206378966292,56.36773274123391,13.69742855342376,0.7319444444444444,0.6944444444444444,475.0
44432.5,18.3214433102972,25.26626988795276,3.413041845833262,12.092907432665298,59.212483513067454,24.37326145212715,0.6930555555555555,0.8555555555555555,476.0
44433.0,21.644566894902123,28.511158116658528,4.237844799624549,14.71966638061632,69.3905263108667,16.47680251882464,0.9625,1.0,477.0
44433.5,21.143522686428494,31.011533111996123,4.490343451499939,15.05717784497473,71.72864627506998,17.285027509411037,1.0,1.0,478.0
44434.0,21.506982405980427,28.78456938531664,4.286272752285004,14.656978189282947,69.47002219888898,16.65775536925234,1.0,1.0,479.0
44434.5,19.696672224998476,28.62936521636115,3.9436542994446224,13.868310860911798,66.14219668122112,18.508870667669985,1.0,0.5055555555555555,480.0
44435.0,21.48484645817015,28.46899628109402,4.170935196346707,14.482984205087028,68.84059426850743,17.39988578765948,1.0,1.0,481.0
44435.5,20.566551287968952,31.050862447420755,4.496077213022444,14.975538508759604,71.0704730934567,17.576747512899473,1.0,1.0,482.0
44436.0,20.70707083808051,28.863404846191408,4.361487532986535,14.860290622048907,68.97784814635912,17.640401923116485,1.0,1.0,483.0
44436.5,19.48712119261424,30.734360959794785,4.5095165001021495,15.181699578298463,69.97865460349453,17.99385326885495,1.0,1.0,484.0
44437.0,21.67793111536238,28.98391055530972,4.346669543451733,15.076662228504818,70.32376433346006,17.415538015486273,0.9972222222222222,1.0,485.0
44437.5,21.190193271636964,29.60257708761427,4.270007311635547,14.673025815851158,69.95658957146937,17.25838922317068,1.0,0.9708333333333332,486.0
44438.0,21.26414219405916,28.27867046462165,4.198540863725874,14.642360003582306,68.6681508426451,18.128112554248943,0.9916666666666668,0.9777777777777776,487.0
44438.5,20.07130883137385,28.683001142077977,4.0280129618114895,14.05693504843447,67.03541394107872,18.595692674029703,1.0,1.0,488.0
44439.0,20.639645041359795,26.34146836068895,3.8214882532755534,13.639382367642328,64.75338518749834,18.201488087822707,0.9958333333333332,1.0,489.0
44439.5,16.996458275095975,23.43874932927117,3.176050858305293,11.214036548398798,55.04300289142032,25.172343923304563,0.9944444444444444,0.6916666666666667,490.0
44440.0,21.927620487742956,28.260341983371312,4.203545756472481,14.605590699330463,69.37677164695212,17.783546999991074,0.9875,1.0,491.0
44440.5,22.135816593964893,29.80583446820577,4.4368093676037255,14.977672296100192,71.6331323378616,17.6734420225078,1.0,1.0,492.0
44441.0,22.60270873970456,28.401974042256672,4.410114926762051,14.93426414794392,70.70308426552349,16.70514444058022,0.7305555555555555,1.0,493.0
44441.5,21.742858771483103,29.16458341280619,4.367300924327639,14.535790839129024,70.09730592932966,17.038758322500865,0.8152777777777778,1.0,494.0
44442.0,22.49198860062493,27.27130004564921,4.296218650208579,14.410247992972533,68.7903271160192,17.038968008249967,1.0,1.0,495.0
44442.5,21.29820586310493,28.281924973593817,4.3132608791192375,14.05076085449093,68.2491329734938,17.505891423334575,0.9833333333333332,1.0,496.0
44443.0,11.236192752917608,13.345974955293867,1.7935576760106615,6.420290620313285,33.13673287251214,39.53649070038984,0.0013888888888888,1.0,497.0
44443.5,6.628602184851965,9.146965565946369,2.675230598780844,2.8149956045879256,21.45441447380516,52.81020450330116,0.0,1.0,498.0
44444.0,7.863455137279298,7.34518641895718,5.661003149549166,2.612618894150688,23.793168139561185,52.082460385526126,0.0,1.0,499.0
44444.5,7.693186661932203,9.52307523091634,6.981328463885519,2.8560234505269264,27.220229489439063,61.65887922172526,0.0,1.0,500.0
44445.0,9.119520766205255,9.188427183363173,6.871693670749664,3.444912645158668,28.925884196431277,59.113214789092254,0.0,1.0,501.0
44445.5,13.7084778825442,19.773547591103448,2.9137472914324865,7.792742432390029,44.436676830617294,23.888737594898416,0.0,1.0,502.0
44446.0,13.9359376139111,16.366433464156255,3.043864454163445,7.14077291381028,40.83669725880027,35.90758946605123,0.0,1.0,503.0
44446.5,13.139398597346412,17.640215587615966,3.8401376095083024,6.632140472200182,41.45067395369212,38.753055939501415,0.0,1.0,504.0
44447.0,11.301633024877972,11.210807127422756,5.676579461163945,4.46112140574389,32.95948814310961,61.29685725016857,0.0,0.9638888888888888,505.0
44447.5,8.193252031008402,9.649225333001878,6.514756064282524,2.8947355642914774,27.42032878746589,82.90722113035018,0.0,0.9833333333333332,506.0
44448.0,9.987637413872612,8.026399633619521,5.324202385544777,3.012046654108498,26.672532478388813,66.22163734472737,0.0,1.0,507.0
44448.5,12.367473321490818,13.137443460358512,2.581319120195177,5.089005564567116,33.50800996944308,51.62485613415707,0.0,0.7611111111111111,508.0
44449.0,21.099638900491925,23.9883027765486,3.377315676212311,12.784421564580407,61.62733662139185,19.637113081652377,0.9875,0.8180555555555555,509.0
44449.5,19.647260863251155,27.50497308307224,3.402135316530864,13.13774695892773,63.93155508272822,19.71112125128809,1.0,1.0,510.0
44450.0,16.90127010187134,21.57819294035435,2.612318021463903,10.473925493714583,51.923276689271006,23.56541738510681,0.8847222222222222,0.7458333333333333,511.0
44450.5,12.221176770702003,15.94223284045131,1.676183551384343,6.640998894154068,36.76703456390016,32.18939505182193,0.8041666666666667,0.3027777777777777,512.0
44451.0,22.25546176045594,26.490772868064912,3.621794208531917,13.660369047866578,66.36114858072226,17.377796600441936,0.9986111111111112,0.9694444444444444,513.0
44451.5,22.89408757524132,28.01573495772021,3.711425940416784,13.69662537192602,68.63420752121941,17.40354278044969,0.9736111111111112,0.975,514.0
44452.0,22.544738524149125,26.81774850349267,3.6282931349042062,13.31964150871123,66.66296351983915,17.596321797389763,0.9986111111111112,0.9986111111111112,515.0
44452.5,22.66541460355123,29.027505853441028,3.867224689986971,13.942560052540568,69.7762808246745,17.265712465105555,1.0,1.0,516.0
44453.0,23.169955547650652,27.946249347262917,3.875467967324787,14.078230449557305,69.40327988631195,16.90530281479462,0.9833333333333332,0.9763888888888888,517.0
44453.5,22.57125958998998,29.055809010399717,3.83866642581092,13.93624313539929,69.73724658290546,16.715269488428724,1.0,1.0,518.0
44454.0,22.88474933173921,27.87866236368815,3.810073917441898,13.895008546988375,68.80907019331741,17.13562116154702,0.9819444444444444,0.9875,519.0
44454.5,22.92287797000673,29.4134956518809,3.913383948140674,14.315503891309104,70.88801540997294,17.097120807921815,0.9541666666666668,1.0,520.0
44455.0,23.08717327647739,27.943231768078277,3.801767327388128,14.193315701393615,69.3991371638659,17.186726831541698,0.9875,1.0,521.0
44455.5,22.66390989753935,29.75830499860976,3.936996563937929,14.375795894861222,71.01115410327911,18.314402667906904,1.0,1.0,522.0
44456.0,23.229670157697463,27.981167353524103,3.856815391116672,14.275196694665484,69.69857828617096,18.755877009428897,1.0,1.0,523.0
44456.5,22.77409046490987,30.08052735858493,4.072439997063743,14.508625382184984,71.69374128712548,18.599913002208,1.0,1.0,524.0
44457.0,23.449047667450376,28.76035582754347,3.997608201371299,14.45541346669197,71.02200057109197,18.24419987805665,1.0,1.0,525.0
44457.5,22.971824938721127,30.22845122549269,4.128921525345908,14.559077844354842,72.13757043149737,17.658001165495076,1.0,1.0,526.0
44458.0,23.25944142341614,29.14498981369866,4.066066037946277,14.55652309126324,71.3766544898351,18.15414804392316,1.0,1.0,527.0
44458.5,22.69516834947798,30.341671842998927,4.10306064552731,14.600463028086557,71.98949380119642,18.042620611779817,1.0,1.0,528.0
44459.0,20.968201710118187,25.4134332868788,3.363086341487037,12.819838412049124,62.96510439857117,18.030677277112503,0.6916666666666667,0.7527777777777778,529.0
44459.5,22.412668396366968,29.501790051990085,3.9477788693375055,14.180684003730615,70.31858492112822,16.567074806314107,0.975,1.0,530.0
44460.0,22.88635670741399,28.197005160649617,3.8604770137204074,14.16534489509132,69.53653711461358,16.92915902037185,1.0,0.9430555555555556,531.0
44460.5,22.48288435406155,29.355591122309367,3.9329072124428217,14.13166367991103,70.27687581959698,16.683339162493496,0.9902777777777778,1.0,532.0
44461.0,22.54831926027934,27.24080653720432,3.719028286801444,13.666571931424553,67.61578847406587,18.26572257708475,0.8930555555555556,0.8444444444444444,533.0
44461.5,22.636188658078517,28.449491108788383,3.823928646246592,14.01454088754124,69.39158140156005,18.051329689054565,1.0,1.0,534.0
44462.0,23.28703912629021,27.73508800930447,3.84929055041737,14.048474937325553,69.35627088577797,18.064596744272748,1.0,0.9527777777777776,535.0
44462.5,21.957445394992828,27.532496213912964,3.5647850506835512,13.12265657536789,66.62210004216371,18.437852045837143,0.8430555555555556,0.8472222222222222,536.0
44463.0,23.218607677353752,27.548854700724284,3.712578837739097,13.64357964893182,68.57271671990553,18.48119854174165,1.0,0.9708333333333332,537.0
44463.5,22.03392198748059,28.58434156841702,3.688580920961168,13.421714484427746,68.14092691448103,17.969615641286705,0.9208333333333332,1.0,538.0
44464.0,22.420044754611123,26.290335120095147,3.5363761868741777,13.272027920507307,65.95846234575535,18.029389890495352,0.8583333333333333,0.8527777777777777,539.0
44464.5,21.18426780965593,28.28105837504069,3.58549611237314,13.273515243186718,66.69720865837816,16.818086159660457,0.8777777777777778,0.8166666666666667,540.0
44465.0,22.534554987483556,27.32434100574917,3.714106758435568,13.772122117038816,67.7919246628777,15.021341385494704,1.0,1.0,541.0
44465.5,20.73651393916872,26.619593816333342,3.371171420812607,12.721036110466551,63.8307290310454,15.0689480308336,0.9194444444444444,0.9430555555555556,542.0
44466.0,22.767967784404757,26.19842052989536,3.555661533938514,13.604944384653049,66.59703017396265,15.285895666823452,0.9583333333333334,0.9736111111111112,543.0
44466.5,22.437976525889503,28.902322853936088,3.789310967922211,13.944653619660272,69.49216436081463,15.91312281089569,1.0,1.0,544.0
44467.0,19.67127676486141,22.08761793312927,2.848403377334277,10.858187340489692,55.92988486422433,23.456492293544347,0.9541666666666668,0.7041666666666667,545.0
44467.5,7.21973599506956,9.863622139974904,0.857634056556142,3.002915437346213,21.31962848370231,20.034505019777207,0.1597222222222222,0.3819444444444444,546.0
44468.0,24.4282024608718,27.47215774324205,3.928176418277952,14.351288320951992,70.61680591536893,14.138775287108436,1.0,1.0,547.0
44468.5,23.72504361073176,28.771902110841538,4.002926662895415,14.113822581370671,71.02031155294843,14.413945039570258,1.0,1.0,548.0
44469.0,23.615196180343627,27.611034462187025,3.9470082501570394,14.02427099744479,69.60567380521033,13.914223593046934,1.0,1.0,549.0
44469.5,22.71987761259079,29.278398429022896,4.11130776670244,14.189828900496163,70.6091634452343,14.351197422459505,0.8666666666666667,1.0,550.0
44470.0,23.34374281565348,28.021852699915566,3.987143674823973,13.899008880058924,69.66569809913635,15.558844493204948,0.9902777777777778,0.9986111111111112,551.0
44470.5,22.75491147438685,29.282673120498657,4.022796710994508,13.84151805837949,70.2811592274242,16.402200896740723,1.0,1.0,552.0
44471.0,23.25081504980723,27.620903401904638,3.912499335739348,13.562426832649445,68.8230752825737,15.485104175543908,1.0,1.0,553.0
44471.5,23.280066933896805,28.78899590704176,3.914718770318561,13.550959122512076,69.97879309621122,15.31659614578638,0.9444444444444444,1.0,554.0
44472.0,22.84606093565623,26.498955943849356,3.8007725894451134,13.181434245242013,66.74582590924369,15.097289388372886,0.9888888888888888,1.0,555.0
44472.5,22.719935609234703,28.315620793236626,3.935768787728416,13.346114961968528,68.77413558297687,15.212116852157791,1.0,1.0,556.0
44473.0,23.577393288082547,26.784726752175224,3.9628348257806567,13.525942374336427,68.26461136314707,15.295472972798866,0.9861111111111112,1.0,557.0
44473.5,23.668962874677447,28.6272042327457,4.054826251996888,13.6435852306688,70.43617138673241,15.639262493655345,0.9805555555555556,0.8486111111111111,558.0
44474.0,23.430841233995224,25.752296267615424,3.8441543844011097,13.15100612781114,66.58540520477627,16.419105414460713,0.9958333333333332,0.6819444444444445,559.0
44474.5,23.84573769569397,28.501339027616712,4.04909055630366,13.763278022077348,70.59384883642197,16.188683747222964,0.9708333333333332,0.8194444444444444,560.0
44475.0,24.384673760996925,27.081947496202257,4.127657049894333,13.965280280510584,69.93816340366999,15.853883969876014,1.0,0.9861111111111112,561.0
44475.5,23.33661615451177,28.95694849756029,4.10017500254843,13.759482445981767,70.55401626030604,15.683152978497333,1.0,1.0,562.0
44476.0,24.36764463451173,26.703863181008234,4.043074736992518,13.816344687342644,69.32828622824616,16.109984893673424,0.9902777777777778,1.0,563.0
44476.5,23.859457364347247,28.784134679370457,4.082802746031019,13.745450870196024,70.86514670782618,15.840882288329764,1.0,1.0,564.0
44477.0,24.71213389635086,27.45665140151977,4.088854378461837,13.931604417496258,70.60800399084886,15.675814174794368,1.0,0.9861111111111112,565.0
44477.5,23.328800230556062,29.26413336859809,4.095957757367028,13.740205629004372,70.79400407274564,15.747411744098493,1.0,1.0,566.0
44478.0,24.019148621294235,27.18122339248657,4.042214541302787,13.648065564367506,69.2992335802979,15.359662525967371,0.9458333333333332,1.0,567.0
44478.5,23.11899470090866,28.817144913143583,4.054276290867064,13.548905486818532,69.90851305089697,16.257163592996587,0.8694444444444445,1.0,568.0
44479.0,24.151774395836725,27.314689689212376,4.115921728478538,13.663581571976344,69.65819831225608,15.951719199811254,0.9333333333333332,0.975,569.0
44479.5,23.15799875524309,29.00454939206441,4.227212623092863,13.629077552838458,70.39769337483578,16.43898488958657,0.9694444444444444,1.0,570.0
44480.0,23.586688825819227,28.19910954899258,4.154660904407502,13.599463817808363,69.9977031621668,17.944792603527137,1.0,1.0,571.0
44480.5,23.19210066927804,29.0349191347758,4.266286973158518,13.639988129006491,70.57941379348436,17.933673963326328,1.0,0.9861111111111112,572.0
44481.0,23.48592670228746,27.874946525361803,4.133099361260732,13.749290212657716,69.69812706245317,18.578351658561783,1.0,1.0,573.0
44481.5,23.121179876062605,29.374752934773763,4.230203602711359,13.842457502086956,70.99092781245709,17.398215359156673,0.9847222222222224,1.0,574.0
44482.0,23.508724967638653,28.641138776143396,4.182294603851107,13.926108411285613,70.71026496489843,18.16202711632087,1.0,1.0,575.0
44482.5,22.36475058529112,29.47572013537089,4.196236554781596,13.827285412285065,70.24264040523106,17.717600429081063,0.9930555555555556,1.0,576.0
44483.0,23.096342607339224,27.054485495885213,4.102758878469468,13.702267025576695,68.39666602479087,16.716049012270638,1.0,0.9916666666666668,577.0
44483.5,22.552901649475096,27.8707562022739,4.212646734052234,13.721813714131711,68.81073854395913,16.901684891731815,0.9916666666666668,0.9902777777777778,578.0
44484.0,23.32346034977171,26.06582006348504,4.099065928988987,13.64720786197318,67.66066634903352,17.097830874180943,1.0,0.9791666666666666,579.0
44484.5,22.719035380416447,27.04789703157213,4.13252756330702,13.507480208741294,67.90242384076119,17.958667128844663,1.0,1.0,580.0
44485.0,20.260693235529796,21.695296997494168,3.354557444983058,11.013291719529985,56.79649706314732,25.09775875430444,1.0,0.7277777777777777,581.0
44485.5,9.31329511345571,8.682155636077125,0.996297779891433,3.160285324483023,22.565164932705617,16.18057334447559,0.25,0.3763888888888889,582.0
44486.0,25.31390663517846,25.71108634206984,4.404474117358526,14.564547464582656,70.44759014182621,14.00654540915946,0.9888888888888888,1.0,583.0
44486.5,24.408384360207453,26.79211396641201,4.369994299941593,14.221897300084432,70.26592351131968,14.405042909419462,1.0,1.0,584.0
44487.0,19.947808529353804,20.65013971048304,3.212173284445372,10.869221252052942,55.15073521768985,17.658831050769887,0.8472222222222222,0.7847222222222222,585.0
44487.5,24.158955199188657,26.760344155629475,4.269739540417989,14.3094488584333,70.0041733559635,13.007816679844808,1.0,1.0,586.0
44488.0,24.64651824368371,25.388731310102678,4.275007890992694,14.467711771114004,69.25428249761462,13.658957321367549,1.0,0.9222222222222224,587.0
44488.5,24.2552389131652,26.898207749260795,4.415161610311932,14.270959277947744,70.32227522201008,13.298682955596895,1.0,1.0,588.0
44489.0,24.78119449483024,25.23527457449171,4.438576606909434,14.253378097216288,69.12625883354082,13.277702061331164,1.0,1.0,589.0
44489.5,23.260085655583275,27.047415992948743,4.463254278898239,14.220676214827431,69.42755833069484,13.07306529702096,0.9847222222222224,1.0,590.0
44490.0,25.09255996545156,25.42374538315667,4.430300786760118,14.277709168195724,69.6437708457311,13.894515585669678,1.0,0.9694444444444444,591.0
44490.5,24.41430941025416,26.84587722884284,4.418272782034344,14.19148475660218,70.32627323071162,15.135393976363597,1.0,1.0,592.0
44491.0,25.181142206986745,25.11923682424757,4.370181751251221,14.309163839949502,69.41159500148561,15.356528208236632,0.975,1.0,593.0
44491.5,24.289687633514404,26.66833035151164,4.408565023210314,14.10209491683377,69.93044176399708,14.767479874961651,0.9819444444444444,0.9777777777777776,594.0
44492.0,24.841465849346584,24.91901371214125,4.359720085726844,14.136189647515614,68.69730832510524,14.560951784138457,1.0,1.0,595.0
44492.5,24.532691133022308,26.551410971747504,4.380970748927858,14.165750580032666,70.14143086440033,14.748156552914471,1.0,0.9763888888888888,596.0
44493.0,24.92457434336344,25.37551824251811,4.376782737837898,14.071831452184254,69.24261511299345,14.532368050377013,1.0,1.0,597.0
44493.5,24.9874002761311,26.28892954720391,4.527718906270133,14.233749626080195,70.5255934185452,14.326833221315905,1.0,1.0,598.0
44494.0,25.45672607156965,24.33254954550001,4.397398891713884,14.11732578261031,68.7415958892968,15.012536355997076,0.8527777777777777,1.0,599.0
44494.5,24.75754991637336,26.337186034520467,4.518169240156809,14.092721105946437,70.19948058724404,14.190415805631538,1.0,1.0,600.0
44495.0,25.330755841732024,24.944842916064797,4.506522369384766,14.221473680933316,69.4609903862079,15.031764256713927,0.9847222222222224,1.0,601.0
44495.5,24.599091290103065,26.163709836535983,4.586329403850767,14.168046560552384,69.99622750679652,15.20259691700146,1.0,1.0,602.0
44496.0,24.31466064982944,23.56242941220601,4.131098189618853,13.13620676593855,65.6207319895116,14.97248273239601,1.0,1.0,603.0
44496.5,25.316492426395417,25.57353891796536,4.629813544617759,14.08300206065178,70.03982541031307,13.734543525918022,0.9875,0.9958333333333332,604.0
44497.0,25.200820395681596,25.05021031167772,4.555973749690586,13.777798804309633,69.0047468582789,13.991670715877513,1.0,1.0,605.0
44497.5,25.480125421947903,26.15042051739163,4.663017029232449,14.078449319468604,70.80016702016195,15.161016973127936,1.0,1.0,606.0
44498.0,24.80093569755554,25.996333180533515,4.498938172393375,13.725290125608444,69.47836913400226,16.34666663326069,0.9902777777777778,0.9958333333333332,607.0
44498.5,24.394166796737245,26.17413959503174,4.520755802922778,13.635494105683431,69.20803064174122,16.517241787888985,1.0,1.0,608.0
44499.0,24.49592114024692,25.977443149354723,4.562414196464751,13.7940195037259,69.31809761722883,16.059917433480244,1.0,1.0,609.0
44499.5,24.369414643446603,26.19057257970174,4.625667407777574,13.721897543138928,69.38321409291692,16.056663774300333,1.0,1.0,610.0
44500.0,24.798160060246783,25.61917683283488,4.4863128874037,13.732180178165436,69.10523283746508,16.1456609360326,1.0,1.0,611.0
44500.5,24.806022408273485,25.304019572999746,4.499261249436272,13.651501823796169,68.7209291199843,18.185816495855832,1.0,1.0,612.0
44501.0,20.91458493404918,19.83379357655843,3.357139842046632,10.360300084751929,54.92007915291728,26.084268732195127,1.0,0.6569444444444444,613.0
44501.5,25.40060541364882,27.09631465805901,4.789347076416016,13.975460579163498,71.7175870920221,13.98275934742716,0.9861111111111112,0.9958333333333332,614.0
44502.0,25.33351810508304,26.883046632342868,4.812089052465227,13.986996055642765,71.47013657059935,13.225283983909254,0.9819444444444444,1.0,615.0
44502.5,25.7313887808058,27.186948029200234,4.789609647459454,13.692382660508155,71.86407081815932,13.843830881984085,1.0,0.775,616.0
44503.0,26.435670954651304,26.33335588773092,4.866432171397739,14.04061065779792,72.13110405537817,13.578987334385875,0.9875,0.9375,617.0
44503.5,25.212099085913763,27.051717223061456,4.919988550411331,13.986427027318213,71.6162393755383,15.203185048174989,1.0,0.9638888888888888,618.0
44504.0,25.56329431798723,26.322424772050645,4.93813746770223,14.096393351422416,71.35679181416829,14.712037297277964,1.0,1.0,619.0
44504.5,25.43484507666694,26.32026613023546,4.805074691110187,13.835488137488332,70.88063281431937,15.38679280205042,0.8430555555555556,1.0,620.0
44505.0,25.890199914243485,25.75896272659302,4.872200587722991,14.174187899960412,71.10877507395215,13.5400303798606,1.0,0.9791666666666666,621.0
44505.5,25.365935962729985,26.675474649005466,4.849987795617845,13.83704370657603,71.19789314601157,14.222778403563634,0.9875,1.0,622.0
44506.0,16.30965083129704,13.98387080497212,2.436282325660189,7.014050835165997,40.101114527727866,36.51178176573967,0.4638888888888889,0.6916666666666667,623.0
44506.5,25.008032462331983,26.92386644151476,4.733107391330931,13.781356375084982,70.92288374834591,13.755860321934328,0.9652777777777778,1.0,624.0
44507.0,25.190724453661176,26.0799546400706,4.769043462144004,13.962125793099403,70.4299818482664,12.455338702586149,1.0,0.9847222222222224,625.0
44507.5,24.8883330517345,26.653530751334294,4.740117577711741,13.751224506563611,70.51983552376429,14.455401439672771,1.0,0.9319444444444444,626.0
44508.0,25.05767729017469,25.50487117767334,4.794463460975223,13.984134207831488,69.75775640673108,14.492585291557871,1.0,1.0,627.0
44508.5,24.97656683127085,25.886405653423733,4.764236949549781,13.855650228261949,69.95422857668665,15.478967489925624,1.0,0.9972222222222222,628.0
44509.0,25.04711709552341,25.16446565522088,4.7280918465720285,13.805052767859564,69.2135438395871,15.30164495107092,0.9930555555555556,0.9888888888888888,629.0
44509.5,25.40488910807504,26.286127212312486,4.903560362921821,13.940053606364462,70.99807632433044,16.188752262300373,0.9930555555555556,1.0,630.0
44510.0,24.35065111981498,24.017825184928046,4.463865535789066,13.184564238372776,66.49620361088051,16.669387217510693,0.9986111111111112,0.9125,631.0
44510.5,21.966733792093063,20.52901659806569,3.67102857000298,10.759878426495318,57.38027757476084,22.47702940630963,1.0,0.7,632.0
44511.0,26.75931863917245,25.4525038295322,5.07552390827073,14.38681617014938,72.08716498414675,15.525692135895577,1.0,1.0,633.0
44511.5,26.814291169908312,26.215882476170854,5.0268262457516455,14.363759674794144,72.89257942967944,16.402564456504003,0.9861111111111112,0.9166666666666666,634.0
44512.0,26.93301266166899,25.22941699557834,5.114963374204105,14.6445610596074,72.35590707063675,15.955616739679853,1.0,0.9777777777777776,635.0
44512.5,26.65372938778665,26.719600009918214,5.245167260368665,14.349287123729786,73.44846615195274,15.890608104727292,1.0,0.975,636.0
44513.0,26.68649402327008,25.58857551680671,5.204371517896652,14.522245721353425,72.44575219949087,15.494379528552892,1.0,1.0,637.0
44513.5,26.19374396271176,26.27241676118639,5.271389647987154,14.404102559553252,72.63431720071368,15.220418468607065,1.0,0.9861111111111112,638.0
44514.0,23.547836897160032,21.93631764056368,4.39345386310791,12.29077276465703,62.61539409825281,16.669583999482683,0.8736111111111111,0.8611111111111112,639.0
44514.5,22.62982374172037,22.06989158814152,4.3181542023498976,11.855225786421862,61.33739003189322,13.70051158921826,0.8875,0.8611111111111112,640.0
44515.0,26.114218470785357,24.47100805706448,5.106104533871015,13.911707321854514,70.01005556621692,12.39647012298992,1.0,0.9986111111111112,641.0
44515.5,26.268908979495368,26.24401413069831,5.371660973297225,14.144198379582829,72.47873571978675,13.22824764247177,1.0,0.9944444444444444,642.0
44516.0,26.946954068872664,24.58586974143982,5.343164434697893,14.20215485725138,71.4893271625042,14.462253420813752,1.0,1.0,643.0
44516.5,26.01575825346841,25.632854647106598,5.307247711221377,14.094700399372313,71.5264155374633,14.922618535876628,1.0,1.0,644.0
44517.0,26.57969273328781,24.95575075149536,5.404275177915891,14.188226034575038,71.54962079789904,13.763920006614644,0.9458333333333332,1.0,645.0
44517.5,26.40262517266803,26.15547178586324,5.4968002941873335,14.175511515140531,72.69227657318115,14.411983761124716,1.0,1.0,646.0
44518.0,26.55357009967168,24.798964156044853,5.467713120579719,13.983141646120284,71.18700819644663,14.427470862462352,0.95,0.9611111111111112,647.0
44518.5,26.45999738110436,25.113896407021414,5.485799262589879,14.098118552234435,71.55771924787098,15.50559046413856,0.9847222222222224,0.9986111111111112,648.0
44519.0,26.56617705557081,25.725737693574693,5.549113288852904,14.271206015348437,72.52297857602437,16.393367585007944,1.0,1.0,649.0
44519.5,25.68242671092351,25.84644218550788,5.39504563609759,14.095920314060317,71.44873130189048,17.768477681918686,1.0,1.0,650.0
44520.0,26.254473650455477,24.661115079455904,5.432916198836432,14.279604375693534,71.03494913710489,15.992808260010785,1.0,1.0,651.0
44520.5,25.98837984535429,25.439711480670503,5.451162415411737,14.21850123041206,71.56676687664456,17.063479839057702,1.0,1.0,652.0
44521.0,26.111250392595927,24.502361493640475,5.412925293710496,14.256246619754368,70.70387267536587,17.108179240701926,1.0,1.0,653.0
44521.5,25.2124656452073,24.91962570084466,5.36311563650767,13.88779126935535,69.84451083540917,17.52227139856101,1.0,1.0,654.0
44522.0,25.83448288705614,24.2329105536143,5.2915020631419285,14.028147911032042,69.80325102839205,16.588901282816863,1.0,0.9736111111111112,655.0
44522.5,25.615029003885056,24.80277829700046,5.299347822533713,13.923388368553583,70.10607248081101,15.760788509830826,1.0,0.9763888888888888,656.0
44523.0,21.59611617591646,18.367486299408807,3.79237319164806,9.977697200222044,54.16216555301669,25.247942541280437,1.0,0.6236111111111111,657.0
44523.5,12.612527810225988,11.646665955045156,1.9843667228990751,5.225491977682234,31.86833090953425,11.980097196054365,0.5041666666666667,0.0458333333333333,658.0
44524.0,1.0309860159436033,2.055739045308696,-0.2859353370055032,-1.5585247427897737,1.3913442105417035,0.0043612536630905,0.0,0.0,659.0
44524.5,11.01785902402674,5.393210566312902,0.4633979057789676,1.751611537569099,18.94207113581813,40.71291964998501,0.7625,0.0,660.0
44525.0,12.037984341714118,5.827662310335371,0.477577656507492,2.408036221977737,21.028036753253804,41.44028277840774,0.9847222222222224,0.0,661.0
44525.5,19.857524339026877,17.8534773906072,1.4847210496664047,9.740106023046083,49.35254587368108,24.10380282923959,0.9861111111111112,0.4333333333333333,662.0
44526.0,24.35409516890844,23.50029706954956,2.146382549073961,13.82654645868784,64.2556266323922,16.402678440644056,0.9805555555555556,0.8875,663.0
44526.5,25.38576689163844,25.50398800637987,2.4931992140081194,14.642183827029337,68.4833365990056,14.232155509772356,0.9875,1.0,664.0
44527.0,24.64815054204729,25.518190500471327,2.375972184207704,14.580376477705109,67.55318575600784,12.459035334343625,1.0,0.9986111111111112,665.0
44527.5,25.42878937191433,27.031373680962457,2.541389958726035,15.080309224790996,70.54437847799726,12.689690847834358,1.0,1.0,666.0
44528.0,25.98307314846251,27.10827416314019,2.6097794665230647,15.440045877959992,71.58548017872704,12.232452731589314,1.0,0.9819444444444444,667.0
44528.5,25.722251169549093,27.96512909465366,2.70541448129548,15.478905643688307,72.32833881245719,11.779513090982176,1.0,1.0,668.0
44529.0,25.84504935410288,27.589496660232545,2.6951011266973284,15.481813746028475,72.07596256070667,11.64911420977892,1.0,0.9875,669.0
44529.5,26.051803191502888,26.8300846947564,2.683135749234093,15.335154717498355,71.30095204512278,11.549019773574352,1.0,0.9875,670.0
44530.0,26.071860382292005,26.73709512286716,2.6615861654281616,15.42229889233907,71.32416674163606,11.515934220360428,1.0,0.9319444444444444,671.0
44530.5,25.531137108802795,27.060296456019085,2.6700748185316723,14.958549486266245,70.65643724004427,11.950724408835208,1.0,1.0,672.0
44531.0,21.0674995817658,19.91226970632043,1.9735726468265056,11.286652172593556,54.58666937035483,15.69945894527014,0.9166666666666666,0.6736111111111112,673.0
44531.5,25.505602686935,26.44615560107761,2.665324354834026,14.97584306134118,69.9949851082431,11.257390926064213,1.0,0.9902777777777778,674.0
44532.0,25.812955564260484,25.959833754433525,2.622137947877248,15.071502882242203,69.79976749287711,10.471285145986942,1.0,0.9958333333333332,675.0
44532.5,25.63232453068097,26.82121047973633,2.718345343404346,15.212133987082376,70.81463715235392,10.919128336939908,1.0,1.0,676.0
44533.0,25.44077348642879,26.934655401441788,2.624518494473563,15.320960411760542,70.73129373523923,12.806308400637503,1.0,1.0,677.0
44533.5,25.584316607978607,27.002875985039605,2.71836776998308,15.556125791867574,71.28642842637169,12.869909311439889,1.0,0.9888888888888888,678.0
44534.0,25.570756094985537,26.32100281715393,2.805398862229453,15.40635628832711,70.49195111062792,12.671771531881271,1.0,0.9916666666666668,679.0
44534.5,25.481703210539287,27.309645721647478,2.796495455503464,15.320041152503755,71.33921177917057,13.61461470650722,1.0,0.9902777777777778,680.0
44535.0,26.011624711089663,26.33667074309455,2.8013807872931165,15.399316463536689,70.90368336439133,12.952175445698392,1.0,1.0,681.0
44535.5,25.21087724632687,27.30455191400316,2.8355121264855065,14.965454253554345,70.76331300603019,13.567583153536637,1.0,0.9847222222222224,682.0
44536.0,25.018834210766688,26.83537113931444,2.820872939295239,14.869869844118757,69.9890546725856,13.073567082492248,1.0,0.9194444444444444,683.0
44536.5,25.03469823996226,26.559550725089174,2.888748366302914,14.683856498532824,69.57779765990045,13.740897870658753,0.9763888888888888,0.9847222222222224,684.0
44537.0,24.805165508058337,25.90970136854384,2.7862028810713024,14.428892954687278,68.3279426963793,14.459359097069791,1.0,0.9680555555555556,685.0
44537.5,22.458017959197363,22.3385739352968,2.4256698184543186,12.333374893442832,59.95246908675569,20.68553292979737,1.0,0.7861111111111111,686.0
44538.0,25.892443933089574,26.048460806740653,2.8217418677277037,15.100423635376824,70.22742661171489,14.333879628466756,0.9458333333333332,1.0,687.0
44538.5,26.011128309700226,26.747290775511,2.8788243273893994,15.172835324870215,71.19855369461908,15.69918095026225,1.0,1.0,688.0
44539.0,26.382729577355917,26.65822965833876,2.936147589815988,15.34079406592581,71.6899990098344,15.113712505113128,1.0,0.9597222222222224,689.0
44539.5,25.98648526933458,26.573211246066624,2.8582594533761343,14.997641048166487,70.79197159806887,15.193392802994463,1.0,0.9708333333333332,690.0
44540.0,26.42357346349292,26.303994184070163,2.897385047541724,15.382479251093336,71.34117554359966,14.580544699972725,1.0,1.0,691.0
44540.5,24.59943981998497,25.011623820993638,2.7221685566835934,13.925834232436804,66.62166924181963,18.148596080268337,0.8875,0.9847222222222224,692.0
44541.0,13.905880486634045,10.796992778778076,1.2686672581566705,5.619284072489892,31.836530381412658,45.375808282774514,0.5569444444444445,0.6472222222222223,693.0
44541.5,16.15757696694798,13.922620578606924,1.7450368636184268,7.065404134078158,39.19152741672264,34.95990444382761,1.0,0.3402777777777778,694.0
44542.0,26.284289340840445,27.637050241894197,3.02718625664711,15.28571010861132,72.58814586268531,12.817316435458988,0.9861111111111112,1.0,695.0
44542.5,25.10338477955924,26.463796175850764,2.8532700969113245,14.451240091244754,69.2694963170956,13.79072001428902,1.0,1.0,696.0
44543.0,25.801130481561025,26.935061746173435,2.999366158246994,15.076665507422554,71.21764828430281,12.956827297176323,1.0,1.0,697.0
44543.5,25.623253917694093,27.74269601504008,2.9793907549646166,15.085435651408302,71.9015005144808,14.682307036363436,0.9930555555555556,1.0,698.0
44544.0,25.32676636113061,27.669230710135565,2.9872237708833485,14.809484225180414,71.23504385451476,14.918226909093956,1.0,0.9791666666666666,699.0
44544.5,25.033459962738885,27.516033130221896,2.9759652382797666,14.6776648428705,70.63973150518206,15.519964038130574,1.0,1.0,700.0
44545.0,25.35787048207389,26.46514689127604,2.903099480602476,14.694820668962269,69.85336186952061,16.220229573749425,0.9819444444444444,1.0,701.0
44545.5,25.152575259738494,26.7616680516137,2.9626768522792397,14.44786226782534,69.73236554298136,17.093733032147163,1.0,1.0,702.0
44546.0,24.96869000075424,26.23449277280932,2.9561934941998773,14.134957967447804,68.68294427059953,17.31300413317491,0.9986111111111112,0.9986111111111112,703.0
44546.5,19.304552494817308,18.35694346163008,2.1951980733209187,9.414886883522074,49.60419271650414,28.0337432164854,1.0,0.5472222222222223,704.0
44547.0,25.395878296428258,27.63245424164666,3.072558982504739,14.84597414135933,71.3392725235886,14.936546672455655,0.9944444444444444,1.0,705.0
44547.5,25.2516761581103,27.627309295866223,3.061035552952025,14.663161061207454,70.99674088888698,15.11640183247822,1.0,0.9930555555555556,706.0
44548.0,25.335631969239977,26.99843194219801,3.038210744327969,14.454034316653592,70.19058431994377,14.692402187468868,0.9388888888888888,1.0,707.0
44548.5,25.64840637975269,26.36035689247979,3.029741011063258,14.364596221844357,69.74693777031369,14.455864618182549,1.0,1.0,708.0
44549.0,21.855934201411426,21.72585399484055,2.4397478397493413,11.958742647524923,58.34254267604815,13.217083473751856,0.8138888888888889,0.8333333333333334,709.0

